time,open,high,low,close,Volume,Volume MA,RSI,CCI,RVI,Histogram,MACD,Signal
2011-08-15T00:00:00Z,10.9,11.85,10.9,11.7,2.58742658,NaN,NaN,NaN,NaN,NaN,NaN,NaN
2011-08-22T00:00:00Z,11.7,11.7,10,10,3.48515423,NaN,NaN,NaN,NaN,NaN,NaN,NaN
2011-08-29T00:00:00Z,8,8.89,5.25,8.89,245.44022497,NaN,NaN,NaN,NaN,NaN,NaN,NaN
2011-09-05T00:00:00Z,8,8.5,7.4,7.4,30.86,NaN,NaN,NaN,NaN,NaN,NaN,NaN
2011-09-12T00:00:00Z,5.8,6,4.8,4.92,359.684968,NaN,NaN,NaN,NaN,NaN,NaN,NaN
2011-09-19T00:00:00Z,4.9,6.05,4.9,6.05,294.17555858000003,NaN,NaN,NaN,NaN,NaN,NaN,NaN
2011-09-26T00:00:00Z,6.06,6.06,4.8,4.82,193.95078913999998,NaN,NaN,NaN,NaN,NaN,NaN,NaN
2011-10-03T00:00:00Z,4.85,6.25,3.89,3.89,619.30112175,NaN,NaN,NaN,NaN,NaN,NaN,NaN
2011-10-10T00:00:00Z,3.99,4.51,3.93,4.05,496.70280366,NaN,NaN,NaN,NaN,NaN,NaN,NaN
2011-10-17T00:00:00Z,3.92,3.92,2.22,2.27,113.67567266,NaN,NaN,NaN,NaN,NaN,NaN,NaN
2011-10-24T00:00:00Z,2.99,4.4,2.66,3.5,786.29998902,NaN,NaN,NaN,NaN,NaN,NaN,NaN
2011-10-31T00:00:00Z,3.25,3.55,2.95,2.95,531.7522023500001,NaN,NaN,NaN,NaN,NaN,NaN,NaN
2011-11-07T00:00:00Z,3.08,3.35,2.95,3.35,325.71396942,NaN,NaN,NaN,NaN,NaN,NaN,NaN
2011-11-14T00:00:00Z,2.95,3,2.37,2.37,451.68903077999994,NaN,NaN,NaN,NaN,NaN,NaN,NaN
2011-11-21T00:00:00Z,2.45,15,2.25,2.77,818.04224926,NaN,21.32305716120746,NaN,NaN,NaN,NaN,NaN
2011-11-28T00:00:00Z,2.67,3.48,2.66,2.93,623.40805645,NaN,22.184216955778155,NaN,NaN,NaN,NaN,NaN
2011-12-05T00:00:00Z,2.82,3.5,2.82,3.27,942.46275173,NaN,24.085747078387584,NaN,NaN,NaN,NaN,NaN
2011-12-12T00:00:00Z,3.37,3.6,3.25,3.5,437.13214799,NaN,25.413536293392312,NaN,NaN,NaN,NaN,NaN
2011-12-19T00:00:00Z,3.5,4.75,3.5,4.27,459.81223274,NaN,29.83794930561234,NaN,NaN,NaN,NaN,NaN
2011-12-26T00:00:00Z,4.27,5,4.21,5,360.58147901999996,404.83789141649993,33.8445676439451,3.554201574003539,NaN,NaN,NaN,NaN
2012-01-02T00:00:00Z,5,7,4.93,7,348.29897510999996,422.12346884299996,43.3837024145706,92.85714285714285,58.97102296556004,NaN,NaN,NaN
2012-01-09T00:00:00Z,6.99,7.38,6.23,7.15,399.32531445,441.9154768539999,44.03548412632375,116.30218687872765,66.93817865132262,NaN,NaN,NaN
2012-01-16T00:00:00Z,6.2,7.1,5.52,6.79,731.83677615,466.2353044129999,42.763078466365194,114.60592913955163,53.77690281330505,NaN,NaN,NaN
2012-01-23T00:00:00Z,6.5,6.86,3.8,5.5,393.19403683999997,484.3520062549998,38.47312862574411,62.122406094037245,44.452754493938805,NaN,NaN,NaN
2012-01-30T00:00:00Z,5.3,6.5,3.8,5.6,659.7609408799999,499.35580489899985,38.98412879268642,63.546597444902524,53.043627931957126,NaN,NaN,NaN
2012-02-06T00:00:00Z,5.6,5.9,5.2,5.67,605.4123900999999,514.9176464749999,39.36376807083428,69.28256928256924,59.40277430667273,NaN,0.22158294036434523,NaN
2012-02-13T00:00:00Z,5.53,5.8,4.14,4.38,1003.2865455300001,555.3844342944998,35.03728399758862,3.675498439896328,52.144730912830994,NaN,0.12082220748339623,NaN
2012-02-20T00:00:00Z,4.72,5.22,4.3,4.98,1662.8457501200003,607.5616657129998,38.42708632605504,32.06883066093079,57.24069711893128,NaN,0.08836496995577559,NaN
2012-02-27T00:00:00Z,4.97,5.1,4.6,4.81,1768.19657087,671.1363540734998,37.82484614995624,21.077707864004722,51.33619203287346,NaN,0.04836724858848562,NaN
2012-03-05T00:00:00Z,4.8,5.09,4.77,5,1931.06152748,762.0056468144998,38.975971207305236,25.361420900454295,56.51218929731831,NaN,0.031635503943589605,NaN
2012-03-12T00:00:00Z,4.85,5.44,4.85,5.25,3320.56154333,888.7187245299998,40.53599382525719,35.04035546556423,60.77922848416774,NaN,0.038109088578573314,NaN
2012-03-19T00:00:00Z,5.24,5.37,4.54,4.54,1700.8315635600002,947.1726925904999,37.59645036496133,-10.11067085667447,55.72550396723634,NaN,-0.01389148287354569,NaN
2012-03-26T00:00:00Z,4.6,4.97,4.54,4.89,1591.67646538,1010.4708173884999,39.90977852264181,6.934948232076438,58.25720145993276,NaN,-0.026554135915820787,NaN
2012-04-02T00:00:00Z,4.8,5.04,4.69,4.76,2971.01334483,1136.437033091,39.32663596200343,-10.699588477366369,54.80752710255048,-0.0978642840706326,-0.046542777063861784,0.051321507006770815
2012-04-09T00:00:00Z,4.7,5.01,4.7,4.99,3417.6651157200004,1266.4181764139998,40.97001322820925,-2.035105571101577,57.31321620108083,-0.07571753599144794,-0.04332541298253911,0.03239212300890883
2012-04-16T00:00:00Z,4.93,5.43,4.93,5.17,2986.4544933499997,1384.570498259,42.28747679597146,4.118693250959345,59.25279412586816,-0.04667527831043775,-0.025951974879138362,0.02072330343129939
2012-04-23T00:00:00Z,5.2,5.25,4.81,4.91,6305.5544402,1652.7250826824998,40.86861095943099,-30.545305453054603,56.990155427573995,-0.04280688161598108,-0.03278529858867696,0.01002158302730412
2012-04-30T00:00:00Z,4.92,5.15,4.86,5.08,4888.3914138,1875.2880459729997,42.23340336648289,-23.046092184368806,58.849457056510815,-0.02738060005237083,-0.02420416703815942,0.0031764330142114118
2012-05-07T00:00:00Z,5.05,5.08,4.87,4.94,3801.0567335699993,2042.3502710144996,41.38623786152766,-43.83388053683547,56.118244525401096,-0.02523980119393092,-0.028373318478202236,-0.003133517284271318
2012-05-14T00:00:00Z,4.93,5.08,4.88,5.03,3215.9035066700003,2185.1163723969994,42.1890637041006,-33.691011884158364,58.35907070974476,-0.01680272043571248,-0.02413691782891192,-0.007334197393199439
2012-05-21T00:00:00Z,5.04,5.12,5,5.07,4072.1625414099994,2371.3095507119992,42.565590657748416,-22.501989725779715,60.436418641166725,-0.008014124269093042,-0.017351852729565742,-0.0093377284604727
2012-05-28T00:00:00Z,5.08,5.24,4.95,5.19,4053.67368255,2554.026969116999,43.74923289684944,12.712941774726668,62.03669968176405,0.0056577611277198025,-0.0022655270508229464,-0.007923288178542749
2012-06-04T00:00:00Z,5.18,5.63,5.14,5.42,6494.09100923,2842.1396807709993,46.04440904826822,99.49014744384726,64.29624337920927,0.02868074262264851,0.027927640099767892,-0.0007531025228806202
2012-06-11T00:00:00Z,5.48,6.52,5.4,6.19,18400.563383040004,3742.5081480809995,52.963793121730575,257.80285663904056,68.7954272123302,0.09075407650498678,0.11268949310835286,0.02193541660336608
2012-06-18T00:00:00Z,6.13,6.69,5.98,6.4,9128.449153450001,4165.942558709499,54.671129653592736,251.62668256096939,74.04327694525385,0.13810468936336803,0.1945662783075761,0.05646158894420809
2012-06-25T00:00:00Z,6.35,6.68,5.99,6.52,29015.806456969996,5586.462262052999,55.6615375730979,228.92181911088386,78.9942063391685,0.16768683027486772,0.26607012678779274,0.09838329651292502
2012-07-02T00:00:00Z,6.55,6.8,6.36,6.73,11051.75319861,6088.885594706999,57.41508580951236,199.826117197009,83.14508619093719,0.18994269003165162,0.33581165905248955,0.14586896902083793
2012-07-09T00:00:00Z,6.77,7.69,6.55,7.57,8568.65190628,6434.175902514998,63.614005532618066,227.3762245168121,86.9084326954538,0.24621210014288689,0.45363409419944656,0.20742199405655967
2012-07-16T00:00:00Z,7.57,9.2,7.14,8.42,17708.52084662,7231.192116302498,68.59566621974534,228.732691761075,90.10491515864636,0.32092781866386,0.6085817673863847,0.2876539487225247
2012-07-23T00:00:00Z,8.42,9,8.1,8.71,9294.69189732,7599.373634794499,70.099771240005,194.40284849089863,92.49449991531951,0.3668192533512869,0.7461780154116333,0.3793587620603464
2012-07-30T00:00:00Z,8.7,12,8.54,10.71,13338.898310599998,8100.290473157998,77.94508937772952,242.95645810464674,94.51977373143393,0.5005306303626184,1.0050220500136193,0.504491419651001
2012-08-06T00:00:00Z,10.71,12.49,10.43,11.49,12039.89163622,8617.243476790998,80.13430755928086,221.61154185886713,95.99904040172092,0.6032781141259724,1.2585890623084666,0.6553109481824941
2012-08-13T00:00:00Z,11.42,16.41,7.1,8.06,21354.0535963,9605.362333337,54.51032153937233,63.29812057188903,74.83492524386884,0.411184479065677,1.1692915470145904,0.7581070679489134
2012-08-20T00:00:00Z,8.09,10.71,7.86,10.31,23835.233316509995,10648.573331921,62.892595643419604,133.11048996724563,79.91801388456834,0.4059071664004056,1.2654910259494203,0.8595838595490147
2012-08-27T00:00:00Z,10.31,11.93,9.49,10.18,18457.40289384,11400.560220827,62.17967213351599,110.15583019881765,65.44479646052419,0.3651881664041554,1.316069067554209,0.9508809011500536
2012-09-03T00:00:00Z,10.17,11.15,9.95,10.98,12905.956309379999,11896.5353116285,64.82233489963674,120.26202997743714,71.122982570965,0.3629076503224129,1.4045154640530697,1.0416078137306568
2012-09-10T00:00:00Z,10.85,11.8,10.38,11.75,15850.187364279998,12373.766957832499,67.19808663458103,127.54797949696014,75.44376577884191,0.38209750984419566,1.5192297010359015,1.1371321911917058
2012-09-17T00:00:00Z,11.75,12.66,11.58,11.99,10337.37596497,12646.216185390998,67.92520175885124,119.51849982410245,78.87920199245222,0.3790443813594262,1.6109376678909886,1.2318932865315624
2012-09-24T00:00:00Z,11.99,12.38,11.53,12.22,14524.891145949998,13182.40790601,68.64257580406671,112.7092948574329,81.74445341130419,0.3607077334945714,1.6827779533997766,1.3220702199052052
2012-10-01T00:00:00Z,12.21,12.99,11.5,11.71,26309.51218535,14337.088339943997,65.16236471684367,87.52035617707247,71.72492481572205,0.28570571204082573,1.6792023599562373,1.3934966479154116
2012-10-08T00:00:00Z,11.7,12.26,10.42,11.79,11098.025896440002,14688.381507695498,65.45820777016235,81.14754098360639,75.28989450282802,0.2161199026542031,1.6636465262331654,1.4475266235789623
2012-10-15T00:00:00Z,11.78,11.97,11.03,11.32,21631.219344729998,15567.258790804499,62.12055911257567,60.81010669424193,65.76458438141137,0.11798437710050846,1.5950070949545978,1.4770227178540893
2012-10-22T00:00:00Z,11.54,11.7,9.5,10.54,16234.38897296,16054.273688990997,56.9323546596288,30.455864656331677,60.5718471824876,-0.012953517080675159,1.4608308215032455,1.4737843385839207
2012-10-29T00:00:00Z,10.67,11.05,10.32,10.64,16281.44376326,15948.317708001996,57.42331191542555,29.105537150970047,63.68957773659481,-0.10139825180729822,1.3470365238247979,1.448434775632096
2012-11-05T00:00:00Z,10.63,10.87,10.25,10.82,19906.275637490002,16487.209032203995,58.343823271124926,31.549882310338496,66.34672766671112,-0.15323615804269797,1.2568895780787237,1.4101257361214217
2012-11-12T00:00:00Z,10.78,11.65,10.72,11.51,16382.413610360001,15855.539389873495,61.75708457066683,60.05411469675963,68.90348870628772,-0.1465159199213042,1.2269808362197914,1.3734967561410956
2012-11-19T00:00:00Z,11.51,12.35,11.03,12.31,24786.24068232,16542.263764058996,65.30655183649947,102.54745563593636,71.63842646529518,-0.09609097492527185,1.2533830374845056,1.3494740124097775
2012-11-26T00:00:00Z,12.32,12.74,11.75,12.42,23874.840600289997,17307.573198759495,65.7768994203732,105.35763601215122,74.43558015159381,-0.06473130256618198,1.26855988420205,1.333291186768232
2012-12-03T00:00:00Z,12.46,13.59,12.32,13.29,23522.2108556,17598.257699208494,69.31966779951597,154.50874831763102,77.63861877274742,0.0016836606490855388,1.335395762579589,1.3337121019305034
2012-12-10T00:00:00Z,13.3,13.94,13.03,13.27,26969.97228508,18482.021718596494,69.14246780314835,145.44551998014376,66.45152191264967,0.029787460720989145,1.3709464278317398,1.3411589671107507
2012-12-17T00:00:00Z,13.28,13.62,12.75,13.14,21438.130936420002,18886.983349887494,67.92698831155326,121.82179969047088,56.295652801705806,0.025317483637793625,1.3728058216579928,1.3474883380201992
2012-12-24T00:00:00Z,13.11,13.29,12.91,13.2,13715.9115157,18970.784343861495,68.20480405095299,110.7990809292825,63.07249133139445,0.012732870136644703,1.3634044256910052,1.3506715555543605
2012-12-31T00:00:00Z,13.2,13.29,12.77,13.15,13537.88824331,18579.97607621199,67.67869891380391,103.19410319410308,54.26531221015607,-0.011327097836405953,1.336512683258853,1.347839781095259
2013-01-07T00:00:00Z,13.1,14.19,13.04,13.64,24610.93733611,18618.761277191992,70.11184115600217,126.19033933053586,59.90304563537007,-0.006830977190782628,1.3393010596067807,1.3461320367975633
2013-01-14T00:00:00Z,13.65,15.7,13.5,15.5,30110.802207330005,19201.431242866493,77.14513635582014,225.39864712122008,65.53230261660795,0.102773621112908,1.4745990631886983,1.3718254420757903
2013-01-21T00:00:00Z,15.62,19.2,15.45,17.6,39402.744576230005,20526.270656208995,82.22962525521223,276.78324769324263,72.43165425494527,0.28759452021174514,1.7313185923404717,1.4437240721287266
2013-01-28T00:00:00Z,17.6,21,17.48,20.29,28952.758757940002,21181.399225891997,86.40257393483328,304.4957345475479,79.7815865237357,0.5468678581007373,2.1273088947546483,1.580441036653911
2013-02-04T00:00:00Z,20.55,23.8,19.9,23.7,24562.65170263,21892.663012774996,89.70342556118504,296.33868955902847,86.07211275301393,0.8839173009190613,2.6853376628027377,1.8014203618836764
2013-02-11T00:00:00Z,23.74,27.58,22.42,26.98,41408.25816111999,23236.831363533496,91.77236760317791,260.3429630773984,90.6276229391249,1.2417356881700403,3.353589972096227,2.1118542839261867
2013-02-18T00:00:00Z,26.81,31.49,26.29,29.78,31691.92700903,23505.952104717497,93.05523554534265,228.6372680870475,93.61084226617497,1.5603515708604179,4.062293747501709,2.501942176641291
2013-02-25T00:00:00Z,29.79,34.77,29.78,34.33,23463.79321359,24124.240470574994,94.54398247372305,219.87352543265195,95.58604184195357,1.9458182669367678,4.934215010312251,2.988396743375483
2013-03-04T00:00:00Z,34.33,49.17,33,45.29,48669.01496107999,25476.130251392493,96.4937709018834,252.21218438730597,97.02746480738632,2.7576152682084447,6.435415828636039,3.677800560427594
2013-03-11T00:00:00Z,45.97,48.38,36,47.24,24490.883437130004,25888.954974600994,96.71846783167058,206.43821391484937,97.92527511884533,3.2127897911468075,7.693787799361104,4.480998008214296
2013-03-18T00:00:00Z,47.24,76.91,46.98,70.22,55821.95347905,27865.980460390496,98.19030979504228,268.91176403753946,98.61576755359755,4.7553421252295776,10.425175664751269,5.669833539521691
2013-03-25T00:00:00Z,70.22,97,69.25,96.15,41304.94176355,28935.9137666935,98.8287034432587,287.30578092567265,99.11586407266103,7.0760023846811935,14.514836520373184,7.43883413569199
2013-04-01T00:00:00Z,95.5,165.1,93.7,164.97,53052.65319487,30769.425745918998,99.41676631161037,347.4012605813089,99.49529599826218,12.483724732165548,23.043490050898924,10.559765318733376
2013-04-08T00:00:00Z,164.97,259.34,45,91.11,134422.53239405,36251.2403315055,62.91092931349687,123.57574448445868,66.86840375657084,10.408918841438378,23.57091387053135,13.16199502909297
2013-04-15T00:00:00Z,91.79,140.2,49.8,118.81,152828.45591421996,42698.921097202,67.70104784009462,153.1876424084204,76.08658563271783,10.21057187068185,25.925209867445282,15.714637996763432
2013-04-22T00:00:00Z,118.91,170.28,116,135.28,80377.88373125,45541.704740984496,70.1681073683605,151.10513301992748,81.98062644168121,10.458806350520526,28.78814593491409,18.329339584393566
2013-04-29T00:00:00Z,135.31,151.65,81.5,116.57,113588.42934481,49872.627593970996,64.17159288581576,100.60947427451606,64.80927286903186,8.704993421873432,29.210581361735358,20.505587939861925
2013-05-06T00:00:00Z,116.9,123.97,98.77,114.5,65719.40043928,52086.69106911399,63.524772816988204,84.98119978819317,53.346353393127444,6.830359220527601,29.043536965521426,22.213177744993825
2013-05-13T00:00:00Z,115.05,118.98,101.72,116.38,52390.28225982,54020.40960631999,63.88085505791835,78.07471386909378,60.36359183830676,5.214780010448479,28.731652758054423,23.516872747605944
2013-05-20T00:00:00Z,117.27,130.29,114.03,129.5,47942.31669048,55740.6310286785,66.34974291982937,87.89420265521932,65.11971470761122,4.551687784801764,29.20648247860815,24.654794693806387
2013-05-27T00:00:00Z,130.27,131,117.02,123,57044.3276604,57362.300544893,64.01515149234726,70.28126213814063,58.68079071773895,3.2578795571584287,28.727144140254424,25.469264583095995
2013-06-03T00:00:00Z,123.35,125.01,90,100.17,80547.13816392,59884.1173427225,56.496034447387075,30.688498428896576,52.802361164273925,0.5870065070183799,26.203022716868972,25.616016209850592
2013-06-10T00:00:00Z,100.17,111.18,93.1,99.37,52462.36715441,60537.09847163151,56.246718524035636,24.655958320517055,48.89262008621568,-1.4024072896524729,23.863007097785,25.265414387437474
2013-06-17T00:00:00Z,98.74,108.18,90,100.41,47891.95180407,61484.058123938004,56.51537407971372,21.57396513407309,52.50954380135819,-2.739786398421085,21.840681389411117,24.5804677878322
2013-06-24T00:00:00Z,100.4,102.3,86.2,89.53,50196.392539,62765.745165756496,52.85873418025905,-6.439478292004524,47.861553841947355,-4.352837199330516,19.139421288669055,23.49225848799957
2013-07-01T00:00:00Z,89.41,90.16,63,73.96,133259.02437881002,67358.28347664101,48.06585320978873,-50.19458715772865,42.86825403557481,-6.343498734641031,15.562885069698282,21.906383804339313
2013-07-08T00:00:00Z,73.97,100,70.1,90.03,122433.14629808,71895.3444410935,52.82076760957386,-21.455048363815635,49.10375071041447,-6.432836595680364,13.86533805973886,20.298174655419224
2013-07-15T00:00:00Z,90.02,95,77,85.93,67216.96492926,74083.003026877,51.524612141280976,-44.79955976417704,43.50483536730412,-6.598318917519322,12.050276008520072,18.648594926039394
2013-07-22T00:00:00Z,85.73,94.01,82,92.71,58309.91200915,74565.04787928051,53.554296272352175,-34.17499686452372,49.821537347091386,-6.093477169614893,11.03174846402078,17.125225633635672
2013-07-29T00:00:00Z,92.72,101,90.54,96.38,69876.44404561,76834.32590970452,54.66092234524014,-33.40149965916847,54.29269810433778,-5.379538587186806,10.400802399652164,15.78034098683897
2013-08-05T00:00:00Z,96.38,98.98,90,94.09,58687.164486949994,76977.58646009953,53.79955552281807,-49.17298620648487,50.953161360728274,-4.9400602197209125,9.60526571218783,14.545325931908742
2013-08-12T00:00:00Z,94,101,93.31,99.3,65172.347874119994,78170.95676562803,55.5170360647337,-29.280227824238615,54.16945736079993,-4.205754504896827,9.288132800787707,13.493887305684535
2013-08-19T00:00:00Z,99.32,114,99,113.12,91039.23906354999,80070.28605906203,59.78738168900554,44.96669133974808,58.219090444544776,-2.7660943887338334,10.036269319767243,12.802363708501076
2013-08-26T00:00:00Z,113.12,134.95,110.27,130.66,95129.87795272001,78105.65333699553,64.45175881559189,114.27182105519061,63.829375351213635,-0.716094962974978,11.907245004782354,12.623339967757332
2013-09-02T00:00:00Z,130.65,132,115.21,118.34,93518.75049057,75140.16806581302,59.25291436508698,57.42890977395626,54.71317149975755,-0.2949743558841984,12.254622022902083,12.549596378786282
2013-09-09T00:00:00Z,118.37,128.79,115,125.36,88454.73604008001,75544.01068125453,61.17467055034583,95.94149326716818,60.846975267715266,0.3180266506574707,12.94712969210812,12.62910304145065
2013-09-16T00:00:00Z,125.36,128,121.16,123.27,57728.28403494,72751.00341576102,60.26339609744017,82.05948425993435,52.58208973234936,0.43705628408889474,13.175423396561769,12.738367112472874
2013-09-23T00:00:00Z,123.27,128.8,121.54,127.01,58941.10499326001,72412.08864346001,61.37228136818789,92.21850373416822,58.64588776519902,0.6112953409771062,13.502486288694257,12.891190947717151
2013-09-30T00:00:00Z,127,127.93,85,122.49,125860.06582219,76085.57782157851,59.22135414058124,69.04060135881844,51.71295970403352,0.28247752675697413,13.244287856163368,12.961810329406394
2013-10-07T00:00:00Z,122.49,133,120.11,132.82,83396.54156248001,77858.2890651785,62.45952515794305,112.22408017706469,57.25299606463683,0.6026390689938435,13.715109165648698,13.112470096654855
2013-10-14T00:00:00Z,132.83,172,132,166.59,153229.86797849002,82667.566081083,70.66152770020324,215.44443632808313,63.66622921160883,2.807297405499053,16.62159185352867,13.814294448029617
2013-10-21T00:00:00Z,166.6,206.6,156.2,194,207412.15948668998,89010.8171472215,75.36606200923853,246.9153469806675,71.00049704283731,5.665271250331724,20.895883510944273,15.23061226061255
2013-10-28T00:00:00Z,194.99,210,190.8,210,91019.68008812,90938.68279390699,77.62185318593751,233.91360412637,77.79311894194859,8.041839044129798,25.282911065774798,17.241072021645
2013-11-04T00:00:00Z,210,363.65,207.22,323,312360.8255509,104162.1264812485,86.80906556074784,342.8110360763306,85.46858886418207,16.164071653116487,37.44616158804061,21.282089934924123
2013-11-11T00:00:00Z,323,480,310.1,477.38,193318.20060222,111318.2168844095,91.77636784360699,351.15942495095345,91.52337759627659,30.06572854134434,58.86425061160455,28.79852207026021
2013-11-18T00:00:00Z,478.1,874.81,378,800.05,282490,118779.76566546899,95.54904887745809,381.15411270126197,95.55503239625183,57.532417543123714,100.71404399916486,43.181626456041144
2013-11-25T00:00:00Z,800.01,1163,770.1,948,216235,123469.85835056499,96.3711056336173,293.6395622617158,97.46100970532034,80.7802064118948,144.15688447090963,63.37667805901484
2013-12-02T00:00:00Z,955,1153.27,542.38,784.9,273536,133785.81010410198,79.04021879684575,172.48115290616707,63.97269045660858,80.13038414227063,163.53965823685314,83.40927409458251
2013-12-09T00:00:00Z,787,989.6,766.66,862,130063,137373.4645036445,80.79815090198338,156.6938379239961,74.43234328941311,79.68243643674994,183.01231964051993,103.32988320377
2013-12-16T00:00:00Z,861.98,864,382.21,614.11,373297,152544.49230136402,62.614548745674526,75.70999270280772,56.79962206268723,58.4627870011294,176.40836695518175,117.94557995405235
2013-12-23T00:00:00Z,612.66,764.32,607.77,728,97998,154510.03407701652,66.36032288041073,91.05147904836136,65.44506374812646,48.29091232161298,178.30922035606858,130.0183080344556
2013-12-30T00:00:00Z,728.01,948,709,903.43,87249,155613.86668331054,71.15455593886148,115.04195046874926,71.46104194813955,49.39406958109578,191.76089501082532,142.36682542972954
2014-01-06T00:00:00Z,905,995,765,844.05,152463,158685.05473013304,67.64060402660897,89.58143006034715,61.66733443080029,42.408764382859005,195.3777809083033,152.9690165254443
2014-01-13T00:00:00Z,844.04,850.26,765,841.13,80260,157941.56083249702,67.46416542984332,79.83188775634439,55.452385030302295,34.2264360035482,195.75206152987954,161.52562552633134
2014-01-20T00:00:00Z,841.5,845,767.02,814.92,63953,156463.27330796854,65.80490991506107,66.85367785964498,51.50509374280541,24.158445497571165,191.7236823982953,167.56523690072413
2014-01-27T00:00:00Z,814.67,827.38,725,815,85555,156318.28650596453,65.80767415928278,60.796294304166075,55.181155583314535,15.059043598560947,186.38904139892531,171.32999780036437
2014-02-03T00:00:00Z,814.94,815,619,687.37,136186,160241.17230421753,57.782467780859484,27.937896509233436,50.95590354481877,-1.1407364953334707,169.90407718119752,171.044813676531
2014-02-10T00:00:00Z,688,720,530,619.01,270912,170839.71705455455,53.98506009389417,6.469772275720555,46.17293968445755,-17.15660393951447,149.59905875213792,166.7556626916524
2014-02-17T00:00:00Z,621,664.99,530.01,611.99,148970,171995.21376344503,53.59553139334331,-2.070192972899133,41.42230305640595,-28.263941392067267,131.4257359515683,159.68967734363557
2014-02-24T00:00:00Z,609.9,629,400,561.36,276911,181670.93668532104,50.75127756810287,-26.511828949183197,36.73781374364237,-38.43111143607646,111.65078804854,150.08189948461646
2014-03-03T00:00:00Z,565.38,710,562.02,640,156114,181815.14328639655,54.76659013581992,-9.269484613177239,44.28142734808919,-39.13872122983423,101.15849794732367,140.2972191771579
2014-03-10T00:00:00Z,638.4,656.95,609,633.04,55902,174239.63531206205,54.3442827580725,-23.77057265388777,39.41017092066749,-39.253754806371774,91.2300256691932,130.48378047556497
2014-03-17T00:00:00Z,634.99,634.99,541,562.28,83914,173884.35130765603,50.11340796846975,-72.11549014653218,35.08023329992469,-42.97344254404365,76.7669772955104,119.74041983955405
2014-03-24T00:00:00Z,558.22,592.6,436,460,154294,165981.01003011104,44.69665630440222,-134.89943190541993,31.01866653256633,-50.67105309379856,56.40160347230585,107.07265656610441
2014-03-31T00:00:00Z,460,509.98,416.11,456.27,132765.57866057,162953.37893302855,44.50771665816928,-135.18719576931557,27.504785421531253,-54.05370678334762,39.50552308691988,93.5592298702675
2014-04-07T00:00:00Z,459.97,464.19,339.79,416.3,134935.80167742,155575.66901689954,42.437536110359616,-137.27135475876838,24.70249649119327,-56.744057616601296,22.629157849515877,79.37321546611717
2014-04-14T00:00:00Z,416.29,548,408,500,143962,151962.01901689955,47.90225501509896,-87.99417981008851,31.904975147675856,-50.83779212560961,15.82597530910516,66.66376743471477
2014-04-21T00:00:00Z,501.07,515,429.95,430,81594,142364.91901689954,44.129050856517495,-113.19322897534286,28.629123032498466,-49.54585558048625,4.7314479591069585,54.277303539593206
2014-04-28T00:00:00Z,430,465.88,424,438.04,72847,139504.11901689955,44.66815440988946,-101.94198751474495,36.06945986254196,-46.120560961451005,-3.3733976622205546,42.74716329923045
2014-05-05T00:00:00Z,435.88,459.24,420.27,440,56643,123671.41901689954,44.80796730870559,-90.55589765712173,42.9687181379544,-41.82057174401247,-9.528551380785132,32.29202036322734
2014-05-12T00:00:00Z,437.67,452.67,430.61,446.91,30658,120304.41901689954,45.33242272011948,-78.62565060261798,48.225649241574075,-36.78653845978457,-13.691152711503378,23.095385748281196
2014-05-19T00:00:00Z,446.91,586.34,441.44,573.9,102108,121047.36901689954,53.98604448815425,-8.708075360384539,52.29624711163085,-23.80924388486813,-6.666169107803967,17.143074777064164
2014-05-26T00:00:00Z,573.5,683.26,550.22,630.99,104661,118657.26901689955,57.26143594053182,32.04598811181825,57.21557146753933,-10.940146862997613,3.4678911983171474,14.40803806131476
2014-06-02T00:00:00Z,630.99,680.99,613.03,658,76344,118461.46901689954,58.757226309982826,59.623799242462646,62.85632798160776,-0.7081858222725756,13.522805783474041,14.230991605746617
2014-06-09T00:00:00Z,658,659,538.38,588.55,91726,119850.11901689954,53.56597373582178,22.800475106164047,54.33827658638164,1.1802554169038153,15.706310876876387,14.526055459972572
2014-06-16T00:00:00Z,592,616,580,600.34,41476,117646.16901689954,54.30407271756786,44.17122040072865,60.33929454259122,2.9220018427609684,18.178557763423782,15.256555920662814
2014-06-23T00:00:00Z,600.34,604.21,554.45,599.89,38907,112782.21901689954,54.268615031236294,49.65262960094555,52.25772771491785,3.692709537449417,19.872442842474584,16.179733305025167
2014-06-30T00:00:00Z,599.86,658.88,595.51,630.57,48840,101678.61901689954,56.360718263099095,75.62416105039553,58.33115923110254,5.792614639347789,23.420501604209903,17.627886964862114
2014-07-07T00:00:00Z,633.87,642.57,607.9,630.88,27779,95619.06901689954,56.38243133305629,74.33506868825154,63.139851666066036,6.664209439251227,25.958148763926147,19.29393932467492
2014-07-14T00:00:00Z,630.88,632.96,610,627,23989,82972.96901689954,56.00681950165805,65.90243511052279,57.241814941064916,6.437647605797011,27.340998831921183,20.903351226124173
2014-07-21T00:00:00Z,626.98,628,589,590.3,33635,76849.01901689955,52.44771255866176,38.25997963444876,54.627238059554486,3.425490787477351,25.18521471047086,21.75972392299351
2014-07-28T00:00:00Z,592.61,607.2,555.9,588.73,52486,76678.21901689954,52.29461250328918,39.71835556842015,52.1053879718348,1.0593863798605803,23.083956897819235,22.024570517958654
2014-08-04T00:00:00Z,587.53,597,576.44,590.96,33187,74141.86901689954,52.506678595058105,39.81558768787319,54.55488509087873,-0.5376572233376606,21.35249898878658,21.89015621212424
2014-08-11T00:00:00Z,590.98,590.99,481.55,496.86,98942,71374.26901689955,43.68239105707232,-44.35854051688227,49.88201542352888,-7.715278874827721,12.246057618589589,19.96133649341731
2014-08-18T00:00:00Z,498,534.14,442,507.85,99816,69726.79008387103,44.84817414613579,-38.46471473561309,55.30771272477342,-11.290252974001298,5.848520275915689,17.138773249916987
2014-08-25T00:00:00Z,507.84,523.09,473.33,479.04,50233,65491.65000000004,42.37199153553874,-71.8741799153182,47.99498921991504,-14.933961582252863,-1.5286787278990914,13.405282854353771
2014-09-01T00:00:00Z,479.01,497,470.42,475.43,42601,60423.600000000035,42.058632889913746,-72.633414130842,40.99817749236961,-16.787499775517222,-7.579091865042756,9.208407910474467
2014-09-08T00:00:00Z,477.4,492,456.3,475.49,58707,59279.25000000004,42.066301608313516,-77.80913560147148,49.52310494931607,-17.149355365153077,-12.228286295966882,4.9210690691861965
2014-09-15T00:00:00Z,475.47,479.62,378.78,399.55,110300,61151.90000000004,35.63730831645782,-146.58130907989852,41.774624012434614,-21.36833972988946,-21.789355593175628,-0.42101586328616847
2014-09-22T00:00:00Z,400.77,452.67,368.9,375.35,98146,63227.05000000003,33.861312705067135,-157.93839490008503,35.122785743249416,-24.433102859375246,-30.962394437505225,-6.52929157812998
2014-09-29T00:00:00Z,375.35,397.75,275,323.52,168624,70125.35000000003,30.37040689782407,-181.2506994615699,29.06573626093501,-28.321356599615584,-41.93098732764946,-13.609630728033878
2014-10-06T00:00:00Z,322.82,395.55,295.89,378.11,213569,75698.40000000004,37.66021670088927,-116.84615627876563,40.09514718481999,-25.66590373092682,-45.692010391692406,-20.026106660765585
2014-10-13T00:00:00Z,378.48,417.99,368.07,387.53,113429,76136.80000000003,38.849928586952295,-97.91916921765414,47.653833206636,-21.872331648091965,-47.36652122088054,-25.494189572788578
2014-10-20T00:00:00Z,389.06,393.52,341.22,355.18,83534,76496.30000000003,36.28865787125364,-110.46668251327151,41.66387563523814,-20.180086157546423,-50.71929726972161,-30.539211112175185
2014-10-27T00:00:00Z,355.19,358.65,316.61,324.36,70289.29106021,75424.46455301053,33.98957797325615,-118.16786783926513,36.619362045845165,-19.74998624649846,-55.22669392029826,-35.4767076737998
2014-11-03T00:00:00Z,324.23,366.35,320,364.77,75958,77148.56455301054,39.40990730350153,-81.5617041241721,43.6061374402734,-15.542774873500505,-54.905176265675436,-39.36240139217493
2014-11-10T00:00:00Z,365.37,453.92,357.3,389.86,166440,83525.21455301053,42.56344510891367,-57.268613269272926,48.87820291346381,-10.130953664990798,-52.026093473413425,-41.89513980842263
2014-11-17T00:00:00Z,389.86,415,342.05,367.17,94594,85812.91455301053,40.51002660513454,-66.199257338512,45.90240447584268,-7.273920443637699,-50.98754036296975,-43.713619919332054
2014-11-24T00:00:00Z,367.17,395.11,358,377.01,78335,88340.71455301053,41.82087707531293,-53.03688629616367,49.15554377256156,-4.075381900610701,-48.80784729509543,-44.73246539448473
2014-12-01T00:00:00Z,376.09,383,360,377.26,47592,89520.86455301053,41.85593162475153,-47.64825254858755,52.46850630362291,-1.4331898900707571,-46.523952757073175,-45.09076286700242
2014-12-08T00:00:00Z,376.03,377.26,339.8,356.52,72326,91455.41455301053,39.71788692141467,-61.984675375460874,49.44899358132704,-0.6144794129468139,-45.85886213318594,-45.24438272023912
2014-12-15T00:00:00Z,357.3,357.3,304.99,320.01,103910,94026.61455301053,36.211248171235674,-97.41897407430683,45.67297232417853,-1.9866140258521199,-47.72765025255427,-45.74103622670215
2014-12-22T00:00:00Z,320.88,338.99,311.22,317.64,48463.981070580005,94790.46360653953,35.98912321493668,-103.9408589709112,41.716004330444534,-2.476735395761068,-48.836955471403485,-46.36022007564242
2014-12-29T00:00:00Z,317.64,321,255,264,91898.86458617999,94438.30683584853,31.30814796612522,-173.29126532338398,36.28594288520673,-5.6546216232707565,-53.428497104730866,-47.77387548146011
2015-01-05T00:00:00Z,264.55,305,262.08,266.39,61650.24748559,92530.01921012803,31.73419944895224,-159.5495105663868,45.93014702174179,-6.761965015416841,-56.22633175073116,-49.46436673531432
2015-01-12T00:00:00Z,266.34,272.43,152.4,211.85,350581,107547.41921012802,27.536867590126377,-208.03885324924852,37.38772065492109,-10.131211216087713,-62.12838075542396,-51.99716953933625
2015-01-19T00:00:00Z,211.8,257,201.98,255.31,133039,112069.31921012801,34.92323625197308,-125.84168659577048,48.27659453924309,-8.464330689722154,-62.57758290148894,-54.113252211766785
2015-01-26T00:00:00Z,254.67,309.9,208.48,226.93,188904,118579.16921012802,32.58725673162297,-146.65901144232575,39.99392321822208,-8.293653175280681,-64.48031868086764,-56.18666550558696
2015-02-02T00:00:00Z,226.93,244.39,210.43,223.88,95147,117821.51921012803,32.33691956811195,-132.58858497812562,33.66907698486553,-7.434309582060827,-65.47955248316299,-58.045242901102164
2015-02-09T00:00:00Z,223.92,267.92,215,235.63,114347,118631.56921012801,34.426824128829125,-101.46326034201289,42.46363756475516,-5.226925923651088,-64.57890030566602,-59.35197438201494
2015-02-16T00:00:00Z,235.61,249.32,229.2,236.5,66883,113544.51921012803,34.587925294031294,-87.47042033617178,48.57645392838826,-2.9727545280164094,-63.067917542035445,-60.095163014019036
2015-02-23T00:00:00Z,236.46,260.25,232.05,258.34,58091.19334239,105770.62887724752,38.661922159662694,-55.18459291088391,53.18799659937514,0.5376070446331269,-59.42315420822763,-59.960761252860756
2015-03-02T00:00:00Z,257.95,284.95,255.61,275,81515,104174.92887724753,41.6475057650506,-30.634609243122746,56.35603119250112,4.319504515775023,-54.561380608141974,-58.880885123917
2015-03-09T00:00:00Z,275,297.95,274.17,286.75,56964,102846.42887724753,43.727872786584115,-12.739712863240971,59.95612600854181,7.750152358958772,-49.193194675218535,-56.94334703417731
2015-03-16T00:00:00Z,286.79,294.26,249,267.74,65585,102611.21432423702,41.17049128580301,-33.65097966652307,54.72237205939686,8.800108007405889,-45.943212024919944,-54.74332003232583
2015-03-23T00:00:00Z,268.28,270.07,236.4,242,67217,102174.16432423702,37.93535603478688,-62.17891332369914,50.33186580644359,7.853301396082699,-44.92669328722246,-52.77999468330516
2015-03-30T00:00:00Z,242.41,261,236.52,260.54,45399,96122.11432423702,41.50102111986458,-31.992174166360144,54.57426808731799,8.512542942542893,-42.139316005126545,-50.65185894766944
2015-04-06T00:00:00Z,260.57,262.98,231,236.5,49955,93890.16432423702,38.41889394522443,-66.01837962723532,49.89221378190978,7.407107896135493,-41.39297407750007,-48.800081973635564
2015-04-13T00:00:00Z,236.42,236.9,210,222.54,71745,93560.66432423702,36.7137683491783,-89.55779249741207,45.35590003638573,5.8799562346458245,-41.450136680328285,-47.33009291497411
2015-04-20T00:00:00Z,222.54,238.64,214.98,219.52,59837,94172.91432423702,36.33803549723538,-93.76616207021142,40.67923127587403,4.853300214938422,-41.26346764630108,-46.1167678612395
2015-04-27T00:00:00Z,219.52,242.25,217.52,239,59469,93530.06432423703,40.563460653267356,-39.95084176494922,46.946525853674736,5.618999955295905,-39.093017917119624,-44.71201787241553
2015-05-04T00:00:00Z,239.73,247.01,227.01,239.13,54029,91036.01432423702,40.591799088182476,-32.4079961799559,52.73518251936373,6.220295684335575,-36.93664826699606,-43.156943951331634
2015-05-11T00:00:00Z,239.13,244.51,232.22,235.97,44906,90858.11527070802,40.09141653222361,-35.54536222986836,47.241250002519116,6.462887822344712,-35.07833417340075,-41.54122199574546
2015-05-18T00:00:00Z,235.69,241.64,230.86,239.22,41712,88348.77204139902,40.89836228114976,-19.35048499281207,51.38005361035649,6.862275414416658,-32.963377727724634,-39.82565314214129
2015-05-25T00:00:00Z,239.69,240.1,228,228.91,42210,87376.75966711952,39.09914927093202,-57.95473071517106,48.01429617268902,6.457994766796752,-31.75315968364535,-38.2111544504421
2015-06-01T00:00:00Z,228.91,231.2,219.03,222.7,44776,72086.50966711952,38.01436829207868,-89.63594894414227,44.48815848945532,5.818116841030289,-30.938508399154244,-36.75662524018453
2015-06-08T00:00:00Z,222.65,234,222.31,232.09,42427,67555.90966711953,40.69374589597262,-44.00988922841064,47.34522157666658,6.04640945420698,-29.198613422425808,-35.24502287663279
2015-06-15T00:00:00Z,232.08,257.39,231.55,243.64,69416,61581.50966711952,43.905653611817,6.554374804210653,50.587490922177146,6.930952229553689,-26.581332589690675,-33.512284819244364
2015-06-22T00:00:00Z,243.6,252,238.2,248.62,40189,58833.60966711953,45.28168185126141,25.012682797713385,54.10320804417924,7.745371605548161,-23.830570312309163,-31.575941917857325
2015-06-29T00:00:00Z,248.63,274.74,248.3,271.5,96572,57944.85966711953,51.204147195329746,115.38508138019573,58.99928114271652,9.5978286976104,-19.578656045844326,-29.176484743454726
2015-07-06T00:00:00Z,271.39,317.99,263.01,310.55,126826,60942.00966711952,59.300797596457635,218.99794835111638,66.94410052512222,13.013855089054054,-12.90916588213716,-25.923020971191214
2015-07-13T00:00:00Z,310.55,310.73,272.31,275.47,96837,62879.300000000025,51.09820162253248,85.99566167078449,54.23097345698581,12.470358050839849,-10.335073407641403,-22.80543145848125
2015-07-20T00:00:00Z,275.08,294,274.62,293.19,61121,61859.60000000002,54.52033446492683,134.45434097209858,63.05219481774179,12.814749629542327,-6.786994421553345,-19.60174405109567
2015-07-27T00:00:00Z,292.85,297.44,276.57,282.32,61130,62067.90000000002,52.1112393581506,102.09370442245216,51.4780637603193,11.8438446013214,-4.796938299443923,-16.640782900765323
2015-08-03T00:00:00Z,282.53,285.88,260.41,265.05,53838,61480.550000000025,48.44836488773841,47.415057611546814,43.031510436101975,9.664006021291613,-4.560775374150808,-14.22478139544242
2015-08-10T00:00:00Z,265.05,271.5,254.01,256.11,61323,61185.85000000002,46.62149873922475,16.14471419820822,37.00036668437728,7.350276967351714,-5.0369351862527765,-12.38721215360449
2015-08-17T00:00:00Z,256.11,259.12,221.11,228.89,103711,64101.450000000026,41.49144988793947,-66.40690302586127,31.74820046575887,3.8905777959143144,-7.523989908711599,-11.414567704625913
2015-08-24T00:00:00Z,228.35,235.93,198.12,229,171825,70194.95000000003,41.519454910683386,-64.03705520342804,42.006547622049,1.6292392417654842,-9.378018652419058,-11.007257894184542
2015-08-31T00:00:00Z,229.04,244.2,224.39,240.28,147352,73975.30000000002,44.45547452354767,-31.988118138160125,50.78036904714145,0.9466829491733577,-9.823904207717845,-10.770587156891203
2015-09-07T00:00:00Z,240.28,246.24,228,229.66,141430,78054.95000000003,42.30214719139311,-69.60155151030922,42.74678139648568,-0.11030699878389782,-10.908470905371075,-10.798163906587178
2015-09-14T00:00:00Z,229.66,235,223,230.16,110555,80609.25000000003,42.44350159358505,-65.45385393459254,50.4275196872537,-0.6366717146582683,-11.594003549910013,-10.957331835251745
2015-09-21T00:00:00Z,230.1,237.25,223.12,232.41,126047.76858134,84210.18842906703,43.118830594672794,-56.32346530144627,56.93199923350845,-0.6897258914954403,-11.819489199621046,-11.129763308125606
2015-09-28T00:00:00Z,232.4,240.56,231.69,238.6,128538.85502957,88391.83118054553,45.02974656129923,-36.85118304881456,61.40562475348761,-0.19032338412978156,-11.367667538287833,-11.177344154158051
2015-10-05T00:00:00Z,238.6,248.5,236.1,248.05,135307.11344563,93071.58685282702,47.90700104709958,-7.636237417563986,64.34685445558581,0.8376481349064999,-10.130283985524926,-10.967932120431426
2015-10-12T00:00:00Z,248.05,273,242.82,261.05,155701.82236152,98746.17797090302,51.65579192273945,30.351939476567722,67.05165916470045,2.3676720417187074,-8.008342068283042,-10.37601411000175
2015-10-19T00:00:00Z,260.99,296,259.82,283.96,168402.53356619,104927.50464921254,57.46509154960928,94.57493584399772,70.89798821892649,4.759202922297222,-4.427010457130223,-9.186213379427445
2015-10-26T00:00:00Z,283.96,334.67,279.25,325.78,201212.38152531002,112866.77372547805,65.59286304036672,190.3031533798961,76.4209749110242,8.761286519935904,1.7653947704924349,-6.9958917494434685
2015-11-02T00:00:00Z,325.78,502,320,372.65,389244.80242046,128858.21384650105,72.04110824441082,248.1300244669688,82.36374716886652,13.865347981793203,10.335793227798035,-3.5295547539951673
2015-11-09T00:00:00Z,372.86,386.79,294,319.28,242015.95457173,138949.56157508754,58.57877779986206,107.52352388821244,63.29758449301905,12.963859930386931,12.675270158988496,-0.28858977139843445
2015-11-16T00:00:00Z,319.29,350.44,310,324.2,134629.32171644998,140852.42766091006,59.333230673305096,102.78743055204576,70.98331629921417,12.035851649019321,14.756224789875716,2.720373140856396
2015-11-23T00:00:00Z,324.2,373.15,316,371.48,89360.31507600001,138979.14341471007,65.78305002515106,173.19407592835617,76.91490456595781,13.81575282767012,19.990064175444047,6.174311347773926
2015-11-30T00:00:00Z,371.2,399.85,348.64,388.24,99512.53869288,139112.92034935407,67.73649276059123,165.48980023367528,81.42596642900523,15.2204098389555,25.199823646468303,9.979413807512802
2015-12-07T00:00:00Z,388.54,467.8,381.01,433.07,126431.75886482,142378.45829259505,72.29296610184932,186.46808685681356,85.09176285745306,18.072908064773035,32.570548888479095,14.49764082370606
2015-12-14T00:00:00Z,433.13,466.64,428.42,442.54,100145.15242844999,144329.21591401758,73.15542751384532,160.37605737403436,87.89575290667406,19.38556803814111,38.729600871382445,19.344032833241336
2015-12-21T00:00:00Z,442.47,459.54,407.25,421.76,80834.52139994,145679.04198401456,68.14296743673194,118.32626169792994,73.5149730877268,17.689607460285874,41.45604215859868,23.766434698312803
2015-12-28T00:00:00Z,421.78,436,417.01,431.04,43626.28162397,144794.20606521305,69.15925441064209,112.15594918488415,77.33421871839707,16.074847644240222,43.85999425361308,27.78514660937286
2016-01-04T00:00:00Z,431.54,465,426.54,448.79,50799.80943809,142148.64653711754,71.0609063450061,115.34793725381786,80.53687684686388,15.099529053544906,46.65955792630399,31.560028872759084
2016-01-11T00:00:00Z,448.2,451.13,352,380.16,100170.19957908,138565.90651607155,56.5434962730969,46.056156140914695,69.31599949997091,9.029142965422338,42.846457579537,33.817314614114665
2016-01-18T00:00:00Z,379.94,422.98,372.53,402.16,76684.60157332,135032.53659473755,59.406415957653664,59.96635066798205,72.89722153314548,5.8467025759183215,41.12569283401257,35.27899025809425
2016-01-25T00:00:00Z,402.16,402.31,363.73,368.49,50604.93544585,130491.28336703005,53.587730685211106,22.789266614692714,65.96676095245927,1.0751442228879284,36.62292053670416,35.54777631381623
2016-02-01T00:00:00Z,368.49,391.88,365,375,49519.03779802,127439.48525693105,54.5153691434261,24.196308252293566,69.2847122524509,-1.8805662488273143,33.19706850278209,35.0776347516094
2016-02-08T00:00:00Z,375,406.71,369.12,405,53282.38643921001,123801.21614982453,58.6198905612382,53.64846417448386,72.31154670856242,-2.0398321063887863,32.52784461862342,34.567676725012205
2016-02-15T00:00:00Z,405.5,447.99,393.4,438.5,63646.25819915,120556.58630830355,62.67081881349422,93.40840872505379,75.18282177343225,-0.20998066315803499,34.30520089606466,34.5151815592227
2016-02-22T00:00:00Z,438.33,440,409.07,431.68,41502.532644570005,115866.35726825055,61.35398804737566,78.1329026911263,67.41501520564935,0.19803751554095328,34.76272845364889,34.56469093810794
2016-02-29T00:00:00Z,430.26,440.99,382,406.23,58580.72208624,111010.30225448655,56.576609968283606,31.454943027335098,60.29627748140136,-1.4958852821060944,32.69483433547532,34.190719617581415
2016-03-07T00:00:00Z,406.15,421.91,403.03,413.04,35522.59984296001,104366.30556832506,57.52957599972633,36.612862329017474,64.46760303428778,-2.3562984703336127,31.245346529664403,33.601644999998015
2016-03-14T00:00:00Z,412.99,419,403.34,411.28,28681.414286969997,95739.75720640805,57.18031469230499,27.29420345002501,58.46440577184075,-3.1907266001225167,29.613236749844873,32.80396334996739
2016-03-21T00:00:00Z,410.62,419,406.5,416.64,19082.60903897,77231.64753733356,58.016258805199506,35.813382399856415,62.3051199029192,-3.5034716195846265,28.424623825486606,31.928095445071232
2016-03-28T00:00:00Z,424.62,424.77,407.22,419.11,24971.101934650003,66379.40490547955,58.41910976485608,35.72124787201717,65.97771956278143,-3.6492890894009733,27.366484083320017,31.01577317272099
2016-04-04T00:00:00Z,418.51,423.99,412,418.36,21245.404431799998,60710.20904124705,58.236381117498766,25.074375351072046,60.69080840891596,-3.8800110217865225,26.16575939548784,30.045770417274362
2016-04-11T00:00:00Z,424.5,432.87,377.87,427.42,8867.17589924,56685.55208240905,59.86935580820586,51.19421231684628,62.880111118140604,-3.516959989476579,25.64957043042864,29.166530419905218
2016-04-18T00:00:00Z,427.15,470.02,378.98,460.02,34850.340012,53452.442148365044,65.14969687661534,157.75160677056442,66.06519650686012,-1.2904916317248691,27.553415880249133,28.843907511974002
2016-04-25T00:00:00Z,460.03,469.87,393.15,453,27251.8978701,48493.44909862905,63.22062321132647,121.81545253863045,59.44826157226154,-0.5382990941442536,28.171033644293686,28.70933273843794
2016-05-02T00:00:00Z,452.99,463.97,438.59,458.21,26993.04077955,44835.843516184046,64.07091476972764,131.8480082871916,64.2165907483309,0.03213166607509521,28.74949732103181,28.717365654956716
2016-05-09T00:00:00Z,457.75,464.79,447.38,457.56,21889.615960619998,41888.59824421805,63.87251651590654,112.33972174933382,56.45546259131402,0.08468999797424459,28.82322815242452,28.738538154450275
2016-05-16T00:00:00Z,457.56,458,435,438.8,22944.61523209,40854.51492462405,58.26478479676699,52.33451503173215,49.90939848415828,-1.3460301873224516,27.05600042029721,28.40203060761966
2016-05-23T00:00:00Z,438.72,540,436.4,517.84,46135.44144764,40621.29652510154,70.15409648453073,239.4361660320958,58.53439251767995,2.6129955013871644,31.668274984353616,29.05527948296645
2016-05-30T00:00:00Z,517.6,588.71,510.01,573.91,47957.46871421999,38010.659981858546,75.48856443896246,289.35315012151796,68.47523832271358,8.270823535418778,39.393808902239925,31.122985366821148
2016-06-06T00:00:00Z,573.8,683.02,563,672.13,39798.13796659,36166.33680152205,81.6692928029675,327.5900266071206,78.30260117914983,17.367898923627976,52.832859021356114,35.46496009772814
2016-06-13T00:00:00Z,668.73,778.85,655,761.44,74852.81699908999,37378.73087918405,85.29920804468388,299.23866117671275,85.64802032543703,27.535543860660788,69.88438992355412,42.34884606289334
2016-06-20T00:00:00Z,759.12,763.99,540.17,657.79,104143.95399672001,40109.976689119045,68.37624482711888,151.57484725489695,61.281036724239144,25.46418081709905,74.17907208426715,48.7148912671681
2016-06-27T00:00:00Z,630.16,704.99,618.03,658.27,49986.596942410004,39945.18721427904,68.4075036032695,124.87142610333281,70.89961627691639,22.417524268172727,76.736796602384,54.31927233421128
2016-07-04T00:00:00Z,659.77,682.36,605.5,648.76,38661.74847759001,38695.961728201044,66.99456890287045,100.3440990650541,55.59060405241061,18.230650881370288,77.10758593592413,58.87693505455385
2016-07-11T00:00:00Z,648.77,684.19,639.31,679.54,24577.206635340004,37849.69542773954,69.21115463536638,104.90740560938826,64.05913703417234,16.078256825848015,78.97475608686386,62.89649926101585
2016-07-18T00:00:00Z,679.54,682.21,645,661.47,18737.11457925,35857.515052390045,66.39218557188158,81.65729328632031,53.71323752530549,12.159728576714855,78.09615998190941,65.93643140519455
2016-07-25T00:00:00Z,659.64,661.99,614.97,623.83,17468.276322790003,34954.798876381545,60.833956708157466,51.740811927278536,47.49745949813862,6.06301119461375,73.51519539846174,67.45218420384799
2016-08-01T00:00:00Z,622.5,630,465.28,592.47,65343.91798719,36787.924061392536,56.58363843398808,27.56421755185493,42.95135616757094,-0.6923968381368439,66.58668815617693,67.27908499431378
2016-08-08T00:00:00Z,592.47,603,556.24,568.76,22051.038136410003,36936.34551626454,53.53800417850362,7.811305132145859,38.61247072827672,-7.0167465172400085,58.50815184776377,65.52489836500378
2016-08-15T00:00:00Z,568.76,583.99,552.3,577.55,25677.599972650005,36971.67041816455,54.51545020056775,9.116887719510888,45.50138663446612,-10.649317651865303,52.213251300172146,62.86256895203745
2016-08-22T00:00:00Z,577.55,585.95,564.81,573.2,23525.50450765,37085.67542195705,53.91100433695207,0.08424865554934241,41.48025619905674,-13.218600915311967,46.33931780789749,59.557918723209454
2016-08-29T00:00:00Z,573.2,609.05,566.86,603.72,25116.719176950002,37898.15258584255,57.47367453831559,19.63793223780954,46.74000763153944,-12.731300063547849,43.64379364377464,56.37509370732249
2016-09-05T00:00:00Z,605.72,628.99,592.46,606.32,26822.909902079995,37496.781080346555,57.773135841428854,16.652867629847066,51.48567708762557,-12.106508585787239,41.24195797508844,53.34846656087568
2016-09-12T00:00:00Z,604.08,610.69,601.1,608,18000.02840779,37034.187607231055,57.979042038466616,11.95702025392222,55.79349094772829,-11.459412317721707,39.024201163723546,50.48361348144525
2016-09-19T00:00:00Z,608,609.5,592.1,598.98,17473.75618523,36558.22337751505,56.38918404083438,-6.248836949644192,51.84817907536547,-11.488988379032648,36.12237800765445,47.611366386687095
2016-09-26T00:00:00Z,598.95,614.28,596.1,608.6,17480.03541049,36337.74435000856,57.720765185930595,-4.205281175948615,54.287930794072004,-10.725392139008719,34.2046262129262,44.93001835193492
2016-10-03T00:00:00Z,608.6,616.99,604.99,613.06,15682.327319739998,35974.62995439106,58.35561982460987,-12.007428578078835,56.59740061688292,-9.809533650584683,32.668101288704065,42.47763493928875
2016-10-10T00:00:00Z,612.12,642,612.12,638.97,21232.50503502,34729.483133760055,61.93185545523665,22.90418917375256,59.6781403919237,-7.455004149677777,33.158879752191524,40.6138839018693
2016-10-17T00:00:00Z,638.97,656,624.13,648.74,23129.99591567,33488.109493832555,63.21464813212375,34.905580964674144,62.994620608860316,-5.335197488516528,33.94488704122364,39.280084529740165
2016-10-24T00:00:00Z,648.71,717.99,640,697.23,33380.1284258,33167.20901679305,68.82887044925279,118.66718891395121,67.52518637691789,-0.9904543866674302,38.042016546405875,39.032470933073306
2016-10-31T00:00:00Z,697.1,745.19,670.32,709.93,37188.976206989995,31284.01697718805,70.11533920370023,158.28980975405997,72.16136046121953,2.239300417137777,41.831596454495525,39.59229603735775
2016-11-07T00:00:00Z,709.92,740.86,683.23,700.38,35418.39312969,27847.738933836546,67.84773936035381,126.82378427309203,61.1982996729685,3.1758462343522353,43.56210383029804,40.38625759594581
2016-11-14T00:00:00Z,700.38,755.07,697.14,727.09,43254.63053263,27511.140613347547,70.70171809103034,153.3958426353135,67.54753120556003,4.932747900358137,46.55219247139348,41.619444571035345
2016-11-21T00:00:00Z,727.09,750,722.3,727.32,26673.41090692,26911.723734814044,70.72581507350304,133.02326137154628,72.85588587858646,5.410598562829307,48.38269277457198,42.97209421174267
2016-11-28T00:00:00Z,727.32,778.07,721,762,36581.17352873,27511.92207948355,74.17486194454898,161.06658695406347,77.29773326667072,7.247901784225405,52.03197144202443,44.78406965779902
2016-12-05T00:00:00Z,762,774.12,743,768.97,28520.87983248,28001.110342145046,74.81704572709867,144.40243120829,80.85280899061095,8.056062163064233,54.854147361629316,46.79808519856508
2016-12-12T00:00:00Z,768.97,793.27,765.1,788.67,21477.81845389,28201.58744870005,76.58900860309045,139.59463767704244,83.64641036116105,8.970848108673195,58.01164533440658,49.040797225733385
2016-12-19T00:00:00Z,788.34,920,787.01,890.67,56709.60192418,27769.871645549552,83.18590940927166,199.57825219864677,86.67667898905566,15.136257657710402,67.96111929787139,52.82486164016099
2016-12-26T00:00:00Z,890.65,1005,888,997.75,52597.39938603999,29297.189708031052,87.24829596964169,240.5323503872124,89.84591253094672,24.55915054271835,83.52379981855893,58.96464927584058
2017-01-02T00:00:00Z,997.75,1139.89,812.28,909.75,130728.25835106998,34549.72262695205,71.87856531373852,148.4897816555134,69.90275030573778,23.024282129707046,87.7450019379744,64.72071980826735
2017-01-09T00:00:00Z,909.8,918.4,751.34,821.86,92826.21566664001,38014.75818490154,60.42884069348061,74.29264577905904,56.20084212172708,14.656304507383581,83.04110044249683,68.38479593511325
2017-01-16T00:00:00Z,821.86,937.74,818.09,923.76,60386.56034769,39778.25024343854,66.9935293352141,128.84987018733827,64.1238495869014,14.522679359693058,86.53814513472958,72.01546577503652
2017-01-23T00:00:00Z,923.75,927.57,881.48,912.01,30759.392631869996,39975.074379928046,65.64126782925251,106.0819882740729,53.53300355850686,12.271214051458287,87.35448333935938,75.08326928790109
2017-01-30T00:00:00Z,913.12,1044.23,910,1011.07,48914.77048103,41520.81148359004,70.96270692508021,148.03998697508874,61.088774530892884,15.854019840404902,94.90079408840722,79.04677424800232
2017-02-06T00:00:00Z,1010.03,1074.69,913.73,1000.73,63161.775280949994,43805.212438376046,69.74838724240863,123.23218665641929,51.68825206305434,15.888030184881217,98.90681197910385,83.01878179422263
2017-02-13T00:00:00Z,1000.73,1068.99,975.1,1051.8,33282.25374074,44595.32335488855,72.27215283344921,133.3279261377078,58.80979238249149,17.578772118332722,104.99224694213854,87.41347482380581
2017-02-20T00:00:00Z,1051.8,1220,1044.39,1179.05,64898.335354860006,47056.12375664455,77.34394443381166,173.99468549357474,65.71648072621262,25.040853881711158,118.71454217594476,93.6736882942336
2017-02-27T00:00:00Z,1180.46,1298,1169,1273,41646.795282720006,48076.838269029555,80.2205663071235,189.6575391434905,72.7487856731097,33.54692360814485,135.60734280441466,102.0604191962698
2017-03-06T00:00:00Z,1269.98,1350,975,1226.62,86539.53241125001,51247.31509380856,75.14792543908189,148.77903129488868,57.47105218537899,33.22944954545953,143.59723112809422,110.36778158263469
2017-03-13T00:00:00Z,1226.42,1260,944.36,1017.97,78732.98939892,53514.95814246456,57.52502036181751,46.59060910264931,46.616966217752505,16.96676274633805,131.57623501555724,114.6094722692192
2017-03-20T00:00:00Z,1012.88,1117.9,891.33,960,77470.53548879,55529.03610655456,53.75333452253265,13.821748912901622,39.13676271622293,1.1398173286717537,116.03424393005889,114.89442660138714
2017-03-27T00:00:00Z,959.08,1100,952.95,1078.01,60680.03660101,56792.11828012056,59.565418445387536,65.83980134430645,48.08849126679552,-2.356304596851132,111.94904585532322,114.30535045217435
2017-04-03T00:00:00Z,1076.59,1216.87,1076.19,1206.2,46207.077425539996,56939.740624766055,64.7480945644063,119.42697278819206,55.202730504394204,2.714601555627638,117.6986023967089,114.98400084108127
2017-04-10T00:00:00Z,1205.2,1229,1141,1162.31,31268.611520799997,57169.500655460055,61.826166292474184,89.08301652781161,47.85914902953267,1.9013989408991847,117.36074951720525,115.45935057630606
2017-04-17T00:00:00Z,1162.31,1252.32,1161,1241.99,32950.746636740005,56987.97931086055,64.92113668232227,117.7931329446725,54.70912991683018,5.324395414981794,122.1148448450333,116.79044943005151
2017-04-24T00:00:00Z,1242,1356,1234,1350.21,39411.95591813001,57532.53311514305,68.63999575885319,151.80525783407532,61.326935426780324,13.032341028902977,133.08087571618023,120.04853468727725
2017-05-01T00:00:00Z,1348.88,1623.01,1341.22,1554.01,79409.84428198,60429.13440654755,74.18937140778736,208.88670836580584,68.83146801793458,29.09193547087321,156.41345402586876,127.32151855499555
2017-05-08T00:00:00Z,1554.38,1892,1554.38,1784,94671.97949056001,62327.25328486655,78.75771447360458,243.856932920096,76.53938720015218,51.149389331823215,191.25825521977458,140.10886588795137
2017-05-15T00:00:00Z,1782.3,2063.11,1641.22,2017.55,93126.14311167001,64353.690471148046,82.20258336692723,254.78336894684884,83.17299377953468,75.92050817758394,235.0095011099313,159.08899293234737
2017-05-22T00:00:00Z,2017.55,2760.1,1850,2178.81,155768.45194677,65605.70015093306,84.11778299507648,232.32540954855747,87.9044193372543,96.30753956851362,279.4734173929894,183.16587782447579
2017-05-29T00:00:00Z,2172.54,2584.34,2110,2530.27,93043.44403407,65616.56156930455,87.32035032312018,233.5943487914538,91.28743993580234,124.79660329758912,339.1616319464622,214.36502864887308
2017-06-05T00:00:00Z,2530.27,2967.46,2525.28,2954.22,93979.26297278001,67296.19670055906,89.95229826971273,229.6402473516201,93.77163416439723,161.21212588461088,415.8801860046367,254.6680601200258
2017-06-12T00:00:00Z,2954.23,2980,2120,2516.98,148795.79374539998,73198.01675623555,73.09942574758085,135.4563257958181,70.57124985828534,145.36026850707196,436.3683957538658,291.00812724679383
2017-06-19T00:00:00Z,2516.98,2789,2432,2502.03,84989.14520239,75001.73549230355,72.59858939452143,113.54961380974459,55.7293221566699,124.19746631112201,446.25496013569636,322.05749382457435
2017-06-26T00:00:00Z,2502.26,2594.78,2291,2504.37,88202.38791121001,76253.76612381656,72.63019854866029,98.71067336333788,63.5560139890352,101.63559211319512,449.10198396606825,347.46639185287313
2017-07-03T00:00:00Z,2504.81,2639.47,2462,2502.28,59904.36464813,77584.87166918606,72.5496995118845,87.09946091355842,54.405295039228854,78.86517709223847,446.0478632181712,367.1826861259327
2017-07-10T00:00:00Z,2504,2527.88,1830,1917.63,114603.96642805998,80070.15322284607,54.38942932216227,16.90001546446619,47.6511656416857,19.800347580242203,391.9331206012355,372.1327730209933
2017-07-17T00:00:00Z,1917.72,2938,1910.57,2749.02,144460.87969896002,85210.85744365808,67.02857944820433,101.91183055401032,53.5728426671337,31.40639384296935,411.39076532470494,379.9843714817356
2017-07-24T00:00:00Z,2756.8,2825,2400,2742.37,95398.49285979001,85653.80546608508,66.86896269053904,91.55212986325465,47.818156948627774,33.1458312855554,421.41666058867986,388.27082930312446
2017-07-31T00:00:00Z,2745.76,3339.66,2615,3222.75,70478.58583209,85241.08528774357,72.04729851411449,130.68237053963114,54.44286986831133,59.6154560375349,462.79014935004307,403.17469331250817
2017-08-07T00:00:00Z,3216.78,4190,3178.72,4053.87,91259.76614428,85930.54682051808,78.35168439519887,194.5060674119814,63.32139968192696,122.4454333473492,556.2314849966947,433.7860516493455
2017-08-14T00:00:00Z,4053.87,4480,3800,4058.68,106015.99573945,88197.34477744008,78.38207218334713,173.21355229036277,71.28861927524626,151.75947229119527,623.4853920133396,471.72591972214434
2017-08-21T00:00:00Z,4058.64,4449.98,3600,4337.68,79305.31569954,89852.2566911401,80.12480270728268,182.19737948559987,77.8186429563792,175.68195472531875,691.3283631287927,515.646408403474
2017-08-28T00:00:00Z,4329.91,4979.9,4169.01,4606.26,81722.33065185,92374.94264769259,81.65773602811757,174.8972957515434,82.8812556017195,193.9056631631256,758.028487357381,564.1228241942554
2017-09-04T00:00:00Z,4603.68,4679.97,4001.93,4226.22,120234.19455683,96739.1150436971,73.06977775309778,121.3328531655094,65.57473136134566,165.76681021923469,771.3313369682987,605.564526749064
2017-09-11T00:00:00Z,4226.21,4377.65,2972.01,3662.99,190649.19788804997,104300.9771421931,62.567519747364884,63.582878738952466,53.5134462589004,97.97531323551118,728.033668293453,630.0583550579419
2017-09-18T00:00:00Z,3662.95,4122.7,3514,3664.22,93688.94717086,105014.9322866371,62.580168588530945,55.49314591874135,59.885332298924254,44.68326242030332,685.912433083321,641.2291706630177
2017-09-25T00:00:00Z,3667.01,4377.22,3658.39,4377.22,76596.22231939001,104111.14442807858,69.09867799193192,104.66123831386675,64.81609871377594,48.59449730918959,701.9722922995047,653.3777949903151
2017-10-02T00:00:00Z,4369.33,4612,4137.96,4597.98,60774.351238810006,102493.55483443559,70.79504032159033,109.55026208913398,68.31094261285713,56.6302465430839,724.16560316917,667.5353566260861
2017-10-09T00:00:00Z,4597.97,5846.43,4541,5679.7,102154.07757071001,99812.83611563258,77.35490481230109,172.0396272438275,72.40361868665028,121.64529826348394,819.5919794554411,697.9466811919572
2017-10-16T00:00:00Z,5683.92,6180,5101.36,5969,89751.55898138002,99648.24186299808,78.7308664116225,169.17688841132798,76.94482356709845,168.11802906298703,908.094217520691,739.976188457704
2017-10-23T00:00:00Z,5967.38,6316.85,5366,6137.37,90679.39483727001,99483.24845622259,79.5111469454844,155.26858477563744,81.14329128788343,192.43196991218156,980.5161508479309,788.0841809357494
2017-10-30T00:00:00Z,6133.01,7590,6024.03,7372.72,96898.05082758,96888.36131033159,84.115630658756,203.0137258177619,85.30597409574064,269.23621310717897,1124.629447319723,855.3932342125441
2017-11-06T00:00:00Z,7373.3,7888,5555.55,5870.37,149308.51562304999,100104.3298313646,64.98796348487181,100.03074415642291,67.79739716945078,199.58689354093212,1104.8768511387093,905.2899575977772
2017-11-13T00:00:00Z,5870.03,8087.35,5846,8016.58,108764.32010924,101132.4264412661,74.06210897667557,190.55573161927214,74.91192740364662,274.1821271305605,1248.0176165109779,973.8354893804174
2017-11-20T00:00:00Z,8016.58,9366.6,7770,9271.06,70679.21429019999,101671.1689233696,77.70014226876337,203.9170864903486,80.6870703327079,377.7436048641748,1446.0149954606359,1068.271390596461
2017-11-27T00:00:00Z,9278.99,11800.01,9000,11250,123566.89997717002,102119.3156008251,81.99124782561768,230.60654037596709,85.49455205540383,539.4040901119974,1742.5265032364578,1203.1224131244603
2017-12-04T00:00:00Z,11250,16666.66,10850,14691,131326.74450438,101462.60884109608,86.76151030460517,273.2055079206519,89.73728298060173,821.0812404665896,2229.4739637076973,1408.3927232411077
2017-12-11T00:00:00Z,14690.99,19666,14677.19,18953,99156.70350496001,101650.51937335459,90.21779125052815,278.309700704324,93.08368595522772,1213.7394214895337,2925.567000103025,1711.8275786134911
2017-12-18T00:00:00Z,18953,19220,11159.93,14157.87,185506.94820202002,107401.93749185109,68.53729650223835,139.69102537058842,67.4836514432798,1074.6033366407505,3055.0817494144294,1980.4784127736789
2017-12-25T00:00:00Z,14107.87,16480.52,12050,13880,105655.47664079002,108121.72301667658,67.52463292719226,113.57547475617959,51.581390149541605,895.2743936726661,3099.5714048645114,2204.2970111918453
2018-01-01T00:00:00Z,13880,17234.99,12801.38,16124.02,85618.44777872,107101.8456186401,71.222573430994,129.9197074641729,61.77290749603831,859.0546821844332,3278.1153639223867,2419.0606817379535
2018-01-08T00:00:00Z,16173.98,16300,12800,13647.99,97200.21280593,107996.5904739596,62.73420688413171,77.73059169602476,50.39138744217352,611.2512381355268,3183.124729407362,2571.873491271835
2018-01-15T00:00:00Z,13647.99,14394.36,9222,11558.87,146905.07956877,111255.72791980559,56.604374147686535,38.95228658048782,42.94186673166744,267.12000268104475,2905.7734946231412,2638.6534919420965
2018-01-22T00:00:00Z,11558.87,11989.15,9927.54,11685.58,91513.06537417001,109819.67146067259,56.87958108123635,35.780797340919264,50.19295706369115,21.452575263575454,2665.4692110215656,2644.01663575799
2018-01-29T00:00:00Z,11685.58,11820.01,7625.25,8191,149903.6314201,107782.39313727508,47.86404435409811,-27.323004807606704,43.375102183115544,-380.7725149105513,2168.050992119801,2548.823507030352
2018-02-05T00:00:00Z,8190.78,9090.8,5920.72,8067,218693.54381938005,114032.6229697011,47.57588451659485,-35.16175893321112,36.8200407877549,-644.0692123078488,1743.736991645541,2387.8062039533897
2018-02-12T00:00:00Z,8077.25,11300,8067,10421.06,108881.53022749,115646.8883651061,53.3213223386608,2.8563246469328543,46.3095497745396,-646.8738726314718,1579.21386316405,2226.087735795522
2018-02-19T00:00:00Z,10433.68,11780,9260,9590.04,108623.50575304999,118039.3460908181,51.18855482286074,-20.009264847078658,40.71331760351852,-688.0501540255564,1366.0250432635767,2054.075197289133
2018-02-26T00:00:00Z,9595.99,11511,9376.34,11463.27,69483.63177713001,116405.82380113911,55.50855195812024,14.75373783160767,47.64162807180624,-576.9713725553381,1332.8609815949603,1909.8323541502984
2018-03-05T00:00:00Z,11479.68,11688,8366,9535.04,131615.3328438,118499.01249426013,50.54916294604468,-35.41242562709132,42.15360359724809,-617.5702624550954,1137.8695260814293,1755.4397885365247
2018-03-12T00:00:00Z,9535.04,9892,7325.37,8188.24,122425.7834206,120086.33192342662,47.36596515929716,-73.32396897699284,38.334522687001524,-712.5964455664621,864.6942315784472,1577.2906771449093
2018-03-19T00:00:00Z,8205.55,9188.1,8114.17,8453.9,90177.22105199998,119750.29043464761,48.06075432518786,-69.40833896477794,43.09270289006602,-732.2275904466374,662.0061890866127,1394.23377953325
2018-03-26T00:00:00Z,8451.12,8500,6427.16,6813.52,119382.4103937,118253.98517318012,44.18247245422411,-114.93179742540383,39.352483555389334,-823.5436141045477,364.8042619025655,1188.3478760071132
2018-04-02T00:00:00Z,6816.31,7506.84,6510,7027.26,77901.59809296,116710.84907236614,44.80743698803684,-105.97105536600428,44.49661461672157,-834.8007648408436,144.84691995605863,979.6476847969022
2018-04-09T00:00:00Z,7027.26,8417,6611.49,8354.22,77527.21424147,117053.24906992966,48.65132501596177,-69.44368223147653,49.425015963239446,-722.3426670638173,76.7193509671306,799.0620180309479
2018-04-16T00:00:00Z,8353.43,9036.52,7806.81,8789.96,79550.1874566,114852.41344390115,49.885586284219805,-53.38443965735078,54.06051510611833,-593.4667008893979,57.22864191920053,650.6953428085984
2018-04-23T00:00:00Z,8781.7,9755.53,8647.29,9393.99,121700.13515290001,114371.08297632716,51.621569019983845,-34.192496495195336,58.20509024886391,-448.9637186735871,89.49069446661451,538.4544131402016
2018-04-30T00:00:00Z,9396.32,9948.98,8815.91,9623.54,65354.660762839994,112680.98083922116,52.29784539332931,-19.879571090494263,62.15180418983539,-325.1162702718094,132.05907530043987,457.1753455722493
2018-05-07T00:00:00Z,9621.99,9634.5,8208.81,8696.58,93852.55148299,108098.26100326965,49.30079048976021,-44.97461188340136,57.663090853294406,-293.7723588314643,89.95989703291889,383.7322558643832
2018-05-14T00:00:00Z,8696.54,8900.9,7929.53,8518.48,68487.69967444,106239.87215495214,48.723049773246686,-47.57345172006903,53.53328122915882,-273.59090954198075,41.743618936907296,315.33452847888805
2018-05-21T00:00:00Z,8518.64,8589.1,7213.09,7347.39,61787.165831189996,105048.30805757565,44.98966391398467,-94.83211404538228,49.20197902913398,-324.2105531655526,-89.92866297805267,234.2818901874999
2018-05-28T00:00:00Z,7348.64,7790.69,7026.9,7703.67,49415.232808090004,102659.05905768365,46.33685859760523,-73.46098497355808,53.60640871477772,-318.3412582012767,-163.644682564096,154.6965756371807
2018-06-04T00:00:00Z,7712.97,7764.44,6627.7,6781.17,53345.05560891,97981.05785969066,43.37486693286018,-122.1959739644339,48.70696190969474,-358.2566570588123,-293.1242456863347,65.13241137247762
2018-06-11T00:00:00Z,6781.17,6919.97,6120,6453.41,67121.74696300998,96761.49193913265,42.33930697517807,-137.27917901453287,43.67088752464593,-386.0051270735355,-417.37399746944175,-31.368870395906256
2018-06-18T00:00:00Z,6451.03,6841.81,5780,6153.4,55968.55692368,92064.73821431166,41.36579142095555,-136.77208767931478,38.360661207842945,-402.02225721546984,-533.8966919152435,-131.8744346997737
2018-06-25T00:00:00Z,6153.6,6510,5774.72,6349.99,56900.771904389985,83975.09961856216,42.30199505249991,-109.87372772003269,46.2371661449683,-377.2386244730813,-603.4227152911253,-226.184090818044
2018-07-02T00:00:00Z,6345.48,6820,6270.69,6706.6,44562.95908188,80759.17106128167,44.04724450705941,-80.3463566494658,52.59278486461356,-317.1091572814918,-622.5705374199088,-305.461380138417
2018-07-09T00:00:00Z,6706.6,6814.72,6072,6349.3,42533.16345144,77454.65394620116,42.65507658532799,-90.62688184348119,47.489068318357795,-282.8150043112012,-658.9801355274185,-376.1651312162173
2018-07-16T00:00:00Z,6353.25,7696.88,6333.63,7396.6,62789.824109270005,77119.96356280815,47.857301788881976,-22.420100472532766,51.86660423687225,-176.22879874800515,-596.4511296512237,-420.22233090321856
2018-07-23T00:00:00Z,7393.5,8496.96,7369.86,8216.74,65167.530750570004,73797.57345814665,51.56302325902098,39.57053297616255,55.750205846146514,-44.01391960339845,-475.2397304074666,-431.22581080406815
2018-07-30T00:00:00Z,8216.74,8295,6888.88,7032.61,62905.648633239995,70821.56671877866,46.43211964382691,-41.35262959605167,51.08725933629585,-30.473919241321425,-469.31820985571994,-438.8442906143985
2018-08-06T00:00:00Z,7028.89,7157.93,5995.75,6310.82,69594.76180375,69792.44375636615,43.58510475987922,-85.41149056064856,46.827734685564245,-62.45190806279328,-516.9091756928901,-454.45726763009685
2018-08-13T00:00:00Z,6311.99,6628.5,5880,6481.99,56003.42076059,66623.49427471065,44.45490281439701,-70.92522552316412,51.539366982662806,-64.15439004556316,-534.6502551870508,-470.4958651414876
2018-08-20T00:00:00Z,6481.63,6906.81,6223.9,6700.46,42724.85921257,64864.65733069115,45.60759084204182,-53.56789184169014,55.98474056350404,-43.62672762652625,-525.0292746746454,-481.4025470481192
2018-08-27T00:00:00Z,6700.13,7334.5,6641.35,7290.31,40370.70113209,63006.83167522216,48.70282801810899,-9.185412135725189,60.06855004668136,13.558302775382572,-464.45466857889096,-478.01297135427353
2018-09-03T00:00:00Z,7291.94,7411.85,6094.38,6236.04,49374.32164329,61498.03838455667,43.89483321866864,-81.45418709798118,54.15664289645995,-14.233072080210889,-495.8043114545371,-481.57123937432624
2018-09-10T00:00:00Z,6238.99,6587,6162.06,6499.98,30741.479091929996,56950.10558150817,45.349429771955364,-55.962113901316535,58.89549374750007,-9.671619020258959,-493.66076314964994,-483.989144129391
2018-09-17T00:00:00Z,6499.28,6826.28,6100,6702.22,38303.689663200006,55597.55702652617,46.49411938041365,-31.472205692702474,63.14092878055069,11.013334610442485,-470.22247586633785,-481.23581047678033
2018-09-24T00:00:00Z,6703.37,6792.28,6324.96,6597.81,35704.88184016,52690.17354438467,45.95891150011354,-37.17670877255154,56.637691254325205,21.125058358157844,-454.82948752908305,-475.9545458872409
2018-10-01T00:00:00Z,6597.79,6641.35,6396.34,6577.63,25762.450815760003,50553.91110145066,45.84905680368784,-34.23884793637734,53.223288747978714,29.406826727235682,-439.1960124781963,-468.60283920543196
2018-10-08T00:00:00Z,6574.15,6656.63,6055.28,6183,28853.467425969997,48907.22618118967,43.65168510510509,-92.10638594563318,49.784102370885066,12.143922211205563,-453.422936441425,-465.5668586526306
2018-10-15T00:00:00Z,6185.04,6756,6149.28,6413.38,33476.464894339995,48110.287785502165,45.29985124595971,-49.86361940150831,53.19257422621858,19.634061201163945,-441.0242821511756,-460.65834335233956
2018-10-22T00:00:00Z,6412.62,6473,6354.26,6405.57,16893.734062069998,46287.72170816017,45.2515293173367,-47.44411184220929,49.29065367154438,27.000803510044648,-426.9073389647838,-453.9081424748284
2018-10-29T00:00:00Z,6404.27,6475,6199.25,6421.76,21489.47455922,44006.10808797067,45.381596275954834,-43.89488789163912,53.230900534864034,35.37411000374351,-409.69050497014905,-445.06461497389256
2018-11-05T00:00:00Z,6428.23,6544,6269.46,6357.54,21831.423765780004,42299.251430075674,44.92566681028239,-59.343063680650154,50.86212696933424,38.727165765741915,-396.6556577667152,-435.3828235324571
2018-11-12T00:00:00Z,6352.57,6388.21,5199.8,5559.26,65608.29557341001,42734.627613526674,39.59990577426914,-191.9131696297767,46.15088703992201,-8.176408442651962,-445.6033340857721,-437.4269256431201
2018-11-19T00:00:00Z,5553.01,5559.69,3474.73,3938.89,154152.19588431,48214.08945364817,31.45001736401018,-363.8932113656645,36.15008204685297,-136.56632937838924,-608.1348373661067,-471.56850798771745
2018-11-26T00:00:00Z,3934.22,4409.77,3522.28,4102.05,107895.62806324002,51482.21268423817,32.946471234565706,-255.92636321255432,51.08859693906101,-195.16792174231898,-715.5284101656162,-520.3604884232972
2018-12-03T00:00:00Z,4099.63,4115.15,3210,3529.75,96601.31212121001,53172.78708483516,30.436624489383703,-232.8564162871961,38.634867314558655,-253.44606133505738,-837.1680650921189,-583.7220037570615
2018-12-10T00:00:00Z,3528.68,3588.43,3122.28,3193.78,64611.983289289994,53145.00971177117,29.038106588507915,-195.70122715053444,29.378466123147795,-292.80674728894587,-949.7304378682438,-656.923690579298
2018-12-17T00:00:00Z,3191.41,4172.07,3181.26,3943.83,106569.35139072001,55328.19484964517,36.09744739991546,-117.59132182117865,44.730366905845116,-248.27236253078354,-967.2641437427774,-718.9917812119938
2018-12-24T00:00:00Z,3947.82,4236.84,3566,3835.79,71427.10120158,55419.81181953667,35.548862677479676,-105.6710112889295,36.0664687055859,-207.68417501727822,-978.5969999835916,-770.9128249663133
2018-12-31T00:00:00Z,3831.03,4090,3629.66,4040.71,38663.537760470004,54552.817669530676,37.489327797389066,-81.85687957263225,46.77240144431545,-151.25135703100693,-959.977021255072,-808.7256642240651
2019-01-07T00:00:00Z,4040.71,4112,3476,3515.95,62437.59428974,55538.45442338918,34.61521781239081,-96.14198672882902,40.23431621339293,-134.06747369235336,-976.3100063395068,-842.2425326471534
2019-01-14T00:00:00Z,3517.03,3774,3470,3536.72,47855.809281919996,55912.709830880674,34.82818661634805,-84.38714988322864,45.935192231726646,-107.26485273818219,-976.3235985698811,-869.058745831699
2019-01-21T00:00:00Z,3537.42,3657.89,3401.36,3533.23,34870.15946036,55187.50172173417,34.807670843222226,-75.89994519247612,43.73029917957526,-77.14216929954534,-965.4864574561307,-888.3442881565853
2019-01-28T00:00:00Z,3532.23,3536.77,3322.19,3414.82,41811.02770177,55740.979152226166,34.07428683224008,-74.4766308867104,41.4151328277539,-53.67571917500743,-955.4389371253446,-901.7632179503372
2019-02-04T00:00:00Z,3413.75,3711.04,3328.7,3650.37,40319.33033481,55841.761185806674,36.921482803515914,-57.45559819014303,44.33054833271811,-12.900179124695114,-917.8884418562061,-904.988262731511
2019-02-11T00:00:00Z,3651.32,3663.34,3531.01,3625.6,46582.74961214,56385.65457440568,36.74178187552336,-54.45016184948838,41.94072754256331,20.0032298431222,-879.9842254276082,-899.9874552707304
2019-02-18T00:00:00Z,3625.6,4190,3614.82,3730.68,74297.49436443999,58812.40675183968,38.11777370770618,-44.77214423384968,44.69275559788143,54.488820728229825,-831.8764293604431,-886.365250088673
2019-02-25T00:00:00Z,3733.78,3897.62,3658.19,3789.52,40257.9466774,59382.630714411185,38.91897656614493,-37.62514382285439,47.332793164242574,85.08318110887899,-780.0112737025743,-865.0944548114533
2019-03-04T00:00:00Z,3789.7,3950.25,3670,3897.92,44775.62862541,59947.588900964685,40.448686911972466,-25.465206233936083,50.18243274209026,114.6036683075572,-721.8398694270068,-836.443537734564
2019-03-11T00:00:00Z,3898.14,4040,3775.01,3965.5,37933.24745073,60999.564570397684,41.433437439514194,-12.37598540532178,52.894214459771646,139.03731790186134,-662.6468903572372,-801.6842082590986
2019-03-18T00:00:00Z,3965.63,4055.35,3919.63,3969.99,32461.39359573,61548.16052222318,41.50264983978633,2.0984706778081597,55.89445107206541,154.6586333656271,-608.3609165520647,-763.0195499176918
2019-03-25T00:00:00Z,3970.23,4130.36,3850.45,4096.08,38024.94549031,62357.83660844968,43.52119586182744,57.61168739982955,59.25296757409071,171.34538296060623,-548.8378212169341,-720.1832041775403
2019-04-01T00:00:00Z,4092.02,5345,4052.56,5190.85,117084.65931911,64931.65479573468,57.29869844754078,333.4434436450659,65.9652615858472,249.2535428403453,-408.61627562710873,-657.869818467454
2019-04-08T00:00:00Z,5192.92,5466.06,4912,5162.72,64553.14861519999,60451.702432279184,56.91451418619347,250.79518803297586,53.703433140869485,289.2210682089375,-296.34348320628214,-585.5645514152196
2019-04-15T00:00:00Z,5160.54,5362.97,4948.57,5295.65,41797.6059345,57146.80132584218,58.33616206569213,219.47632287879983,62.81354418013826,312.9322547917715,-194.3992329255052,-507.33148771727673
2019-04-22T00:00:00Z,5295.96,5627,4991.42,5160.98,60706.17826832,55352.04463319768,56.30907690698588,158.02271523683345,51.03167945702176,307.42046083379444,-123.05591167503371,-430.47637250882815
2019-04-29T00:00:00Z,5152.98,5846.13,5071.58,5709.32,47315.30063961999,54487.21050071418,62.08601051881619,180.31388176091835,60.37614962262787,326.7686353122316,-22.015578368538627,-348.7842136807702
2019-05-06T00:00:00Z,5714.4,7585,5562.44,6974.35,96521.56034309999,53984.820948333174,71.46115760066652,232.18669131600137,69.37248118538287,405.6770027745958,158.31203978747453,-247.36496298712126
2019-05-13T00:00:00Z,6968.84,8390.95,6178,8200,130340.30773419999,56930.48127496417,77.31421458609259,244.335213150868,77.46807987548621,514.3422787638444,395.5628854676843,-118.77939329616012
2019-05-20T00:00:00Z,8193.45,8802.29,7468.31,8733.26,58959.95818376,57945.30229612867,79.30309649042158,214.33352693296487,83.48955851110908,590.6031928576556,619.4745977759094,28.871404918253802
2019-05-27T00:00:00Z,8733.27,9096.79,8000,8734.49,57315.052973269994,57689.17523030516,79.30760275586393,177.0203924400332,87.53493355807493,607.2569417360571,787.9425820883253,180.6856403522681
2019-06-03T00:00:00Z,8735.84,8745.96,7432.84,7632.99,61144.24456892,58353.59699465516,65.54462123071701,109.15782218734576,69.64104155391188,513.9193433775893,823.0848195742547,309.1654761966654
2019-06-10T00:00:00Z,7629.98,9391.85,7523.16,8974.19,57491.10195461,59484.644119367666,71.93176311978422,140.63682004281438,75.60774686879668,511.25029186522534,948.2283410281971,436.97804916297173
2019-06-17T00:00:00Z,8973.02,11247.62,8918,10831.95,70179.03609093,60903.04453882567,78.01195076560577,174.07698462985522,80.6536491944348,597.3508546562167,1183.6666174832426,586.3157628270259
2019-06-24T00:00:00Z,10827.23,13880,10300,10760.1,137601.50428437,65767.15323630367,77.31438683908038,143.6154536580351,64.82441418918452,610.0722724547848,1348.9061033955068,738.833830940722
2019-07-01T00:00:00Z,10759.24,12061.04,9614.08,11469.96,100246.50470339002,68450.34099086616,79.28515351630551,142.07947179435288,71.13580297744919,624.6306138892766,1519.6220983023177,894.9914844130411
2019-07-08T00:00:00Z,11478.43,13200,10090,10191.87,96062.97030982998,69538.61478813566,67.85527265352592,93.80198220541257,60.7896566057541,511.2871468519651,1534.1004179779975,1022.8132711260324
2019-07-15T00:00:00Z,10191.87,11120,9049.54,10600.24,101471.67421588,72599.30116505966,69.37445776517617,94.85266855779946,65.81569075456716,430.1795664591227,1560.5377291999357,1130.358162740813
2019-07-22T00:00:00Z,10605.03,10686.89,9111,9533.19,53268.50402609,73023.94493509366,61.23134627650501,58.45971528327428,57.87928687746206,278.39028489204657,1478.346018855871,1199.9557339638245
2019-07-29T00:00:00Z,9538.73,11085.99,9360,10986.96,50041.17451748,73629.34128843117,66.9271835747645,93.22235081631737,63.02493186598508,250.49446285371346,1513.0738125309663,1262.5793496772528
2019-08-05T00:00:00Z,10986.55,12325,10986.55,11528.73,78451.5061703,75928.84691715967,68.76868099626682,102.02919753949975,67.61005815096863,242.94236916736418,1566.2573111364582,1323.314941969094
2019-08-12T00:00:00Z,11527.44,11551.57,9467.57,10318.99,58569.35062751001,76956.06717401967,60.64823516117154,58.87685476848104,61.7845672397805,136.20623236400888,1493.5727324241052,1357.3665000600963
2019-08-19T00:00:00Z,10318.99,10955.48,9755.53,10136.75,45067.79312166,73355.22386414718,59.50824096176721,47.727582123343595,57.397847865998045,38.160951530879174,1405.0676894736953,1366.906737942816
2019-08-26T00:00:00Z,10136.75,10650,9320,9767.53,37657.10498579,72010.42168267668,57.16383910477487,28.276861416021752,52.71576009430874,-61.31697682488584,1290.2605169117087,1351.5774937365945
2019-09-02T00:00:00Z,9767.56,10949,9753.24,10400.18,49213.56552986999,72381.21966244518,60.066867605804376,48.96672580025674,56.760540310622375,-92.40130686661541,1236.0758601533253,1328.4771670199407
2019-09-09T00:00:00Z,10387.33,10542.93,9855.11,10305.74,28761.37405576,70783.97945181718,59.41950599060427,39.05811971768871,52.33042229779789,-125.1789464600588,1172.0034839448672,1297.182430404926
2019-09-16T00:00:00Z,10320.36,10380.07,9600,10020.58,33808.79032852,70108.65393626217,57.407640378973035,14.523736825325514,47.94684873686041,-169.18565834891479,1085.7003574687824,1254.8860158176972
2019-09-23T00:00:00Z,10022.38,10048.06,7733.99,8047.6,89548.47798612001,69759.99981841317,45.84237079769019,-130.57859938912677,41.553234599293845,-325.2507516610083,848.3225762414368,1173.573327902445
2019-09-30T00:00:00Z,8060.13,8531.25,7714.7,7854.12,50575.659815420004,65771.76742247416,44.88736016167987,-140.1359099401853,34.81596588528058,-429.065832422792,637.2410373739549,1066.306869796747
2019-10-07T00:00:00Z,7863.75,8820,7763.54,8282.96,46109.381020010005,65129.23856428666,47.49807969830054,-105.29992492561983,45.402849972922645,-453.9965231189814,498.81121589802024,952.8077390170016
2019-10-14T00:00:00Z,8278.39,8420.85,7811.62,8235.74,38810.69859726,64204.020845486164,47.232761085488626,-103.63828403014634,38.85911085770817,-457.52338549113745,380.9035071530798,838.4268926442172
2019-10-21T00:00:00Z,8236.49,10350,7293.55,9557.08,104550.78017194002,66374.34762563717,54.835381315645975,-25.040699978750858,47.21988740827515,-359.0687686401368,389.5909318440463,748.6597004841831
2019-10-28T00:00:00Z,9547.32,9950,8961.53,9207,54590.13531242,66229.29929352767,52.67016635883207,-53.06516491005555,41.040020739705355,-307.7030193277466,364.0309263244999,671.7339456522465
2019-11-04T00:00:00Z,9207,9586.5,8661,9024.49,33222.77552301,64381.486265131665,51.52785045186063,-59.6639334423847,35.76342583988823,-277.14909403353136,325.2975781103323,602.4466721438637
2019-11-11T00:00:00Z,9029.88,9075.32,8363,8499.31,26181.734319830004,58810.49776690467,48.28280892105134,-88.38755426967627,31.58985876638759,-282.47802410736745,249.34914200965432,531.8271661170218
2019-11-18T00:00:00Z,8499.53,8508.4,6785,6908.36,53326.69248330001,56464.50715590018,40.05368272369766,-176.0217496541755,27.633184585293275,-377.389408449939,60.090405554597965,437.479814004537
2019-11-25T00:00:00Z,6900.9,7870.35,6515,7412.66,67026.14573654,55012.66592723568,43.34963580944345,-121.70425170481434,35.92270816479829,-388.89982111290607,-48.64496238659558,340.2548587263105
2019-12-02T00:00:00Z,7411.75,7772.71,7087.09,7524.26,27256.23507943,51301.89397041318,44.08233789661001,-101.9737234180128,43.68078375724153,-371.70754084310363,-124.37956732756902,247.32797351553458
2019-12-09T00:00:00Z,7516.8,7666,7007,7115.08,25508.43480849,49913.89050953318,41.940468963851266,-110.98988665646863,37.95415756316148,-369.8139827359248,-214.93950490437146,154.87447783155335
2019-12-16T00:00:00Z,7115.08,7530,6425,7509.7,40527.4746005,49438.20551368418,44.729608188175355,-80.02950234177018,46.279297205338146,-325.469111690741,-251.9619117818729,73.50719990886809
2019-12-23T00:00:00Z,7521.88,7692.98,7052,7385.54,23714.75676272,46701.36804330518,44.01318966181118,-80.70568205363602,39.935279229488415,-289.2067292253795,-288.0012116228563,1.2055176025232015
2019-12-30T00:00:00Z,7372.79,7495,6853.53,7356.7,25490.162602239998,45047.40864204168,43.83755256524004,-76.53640491098393,35.24312650113796,-253.16896767609717,-315.25569199259826,-62.08672431650109
2020-01-06T00:00:00Z,7352.12,8463.57,7342.46,8180.76,51601.48463654999,45374.093217786176,49.979797272599654,-17.766556496814168,41.71046372842611,-164.15404441713628,-267.2792798379214,-103.12523542078516
2020-01-13T00:00:00Z,8180.75,9188.1,8039,8696.6,58167.631025610004,46399.619519777174,53.414378918571295,24.546587235440466,47.168284728814335,-65.89611197385115,-185.4953753880991,-119.59926341424794
2020-01-20T00:00:00Z,8698.97,8792.98,8212.9,8590.48,35153.51628436,45696.61705750167,52.613998211048525,26.677781022674672,42.465898096440405,-6.53752724232082,-127.77117246714897,-121.23364522482815
2020-01-27T00:00:00Z,8600,9570,8546.55,9329.39,43306.825180679996,46423.88961374768,57.400536572361425,102.93295746915202,49.52430535186601,79.27076565487287,-22.145188156237054,-101.41595381110993
2020-02-03T00:00:00Z,9309.69,10178.54,9075,10173.97,37356.37996784,46601.26909571368,62.11152980066884,179.6450730007712,57.64246651324183,183.72194913501087,128.23648260765367,-55.485466527357204
2020-02-10T00:00:00Z,10173.51,10500.5,9598.49,9912.89,47675.285549809996,44507.60947389818,59.906082102908705,132.06981841459088,47.844187624235644,223.403253962457,223.76860092571405,0.3653469632570463
2020-02-17T00:00:00Z,9925.96,10300,9312,9965.21,38910.129242480005,43924.33294525118,60.21098847580789,119.04420504721101,56.3453724418981,239.8991687170057,300.23930785951416,60.34013914250848
2020-02-24T00:00:00Z,9969.79,10027.66,8410,8528.95,46036.73309396001,43920.70054894868,49.158986806851914,5.763024584866757,47.97384284659814,145.4537103020529,242.15727702007462,96.7035667180217
2020-03-02T00:00:00Z,8516,9219.13,7995.48,8033.7,36629.65673871,43811.648456021176,46.02204001346185,-31.991376832881222,41.4502915494185,46.14487687087016,154.3846628066094,108.23978593573925
2020-03-09T00:00:00Z,8035.79,8191.13,3850,5343.64,172635.16199897998,47215.86754737318,33.51267028082958,-201.22567429572584,33.569882412949575,-191.17911288490902,-130.73410517039702,60.445007714511995
2020-03-16T00:00:00Z,5353.04,7139,4435.89,5813.15,152476.32182205,52110.17687285468,36.74440760322402,-146.48281612767204,47.330529669135366,-300.4953011865487,-315.1741187686739,-14.678817582125184
2020-03-23T00:00:00Z,5816.57,6989.04,5686.34,5870.9,94573.05832589,55177.69101299868,37.149077264743006,-125.30645412105558,58.36229777562798,-349.4408159109513,-451.47983747081435,-102.03902155986302
2020-03-30T00:00:00Z,5878.47,7236.39,5856,6775.2,70419.31005982,57389.56979999818,43.2692727659737,-63.28989521256307,66.61160601291778,-303.16006764204985,-480.98910611242536,-177.82903847037548
2020-04-06T00:00:00Z,6780.57,7469,6750.15,6908.24,63716.245331310005,57909.047442398674,44.13121322442959,-55.240672592308776,72.72170608963864,-248.14850414667347,-488.0146686537173,-239.86616450704383
2020-04-13T00:00:00Z,6908.21,7306.15,6472.67,7126.4,60254.00288518,57570.440299830676,45.59105829045709,-40.700925771779815,77.02946195405134,-184.55069169167507,-470.55452912163764,-286.0038374299626
2020-04-20T00:00:00Z,7124.27,7756.69,6757.75,7701.73,54394.39522182,58927.34830695018,49.34982244781343,-6.877111152559559,80.12283521182859,-95.69070380847796,-405.61721719056004,-309.9265133820821
2020-04-27T00:00:00Z,7708.87,9485.26,7637.03,8915.98,90703.05114993,62187.07912402218,56.22353356997635,59.7556965895225,82.45238056467663,45.33741906104353,-253.25473955577763,-298.59215861682117
2020-05-04T00:00:00Z,8924.14,10074,8109,8731.17,121856.4978396,66253.53028597719,55.00011259761891,44.60137672765796,72.42883019215157,122.28251714692789,-145.73901218316132,-268.0215293300892
2020-05-11T00:00:00Z,8740.88,9945.34,8181,9665.7,114184.50869071,70777.01788237669,59.76756696796572,89.5313393473934,76.3481422751301,226.18298483139392,14.707201709153196,-211.47578312224073
2020-05-18T00:00:00Z,9672.95,9966.12,8669,8718.77,73340.67880949,73169.54369273919,53.57402984654732,32.68043995676909,66.32212613284631,220.94602322363227,64.70674590729959,-156.23927731633268
2020-05-25T00:00:00Z,8710.12,9758.27,8630,9446.19,53042.006916130005,73241.56980671818,57.23979774682122,67.82901755054922,70.59797453242568,253.92789019340475,161.17058542542327,-92.75730476798148
2020-06-01T00:00:00Z,9444.61,10429.26,9135.68,9750.04,68669.0848275,73766.64249681268,58.70650782163914,78.8964050839513,74.01679996265169,281.5256136379873,259.14971227950264,-22.375901358484654
2020-06-08T00:00:00Z,9759.04,10011.4,9078.91,9329.99,49148.59177276,74466.39627123268,55.85425999146421,53.35656579403991,66.0499905767687,257.46268130527073,299.45245027310375,41.98976896783303
2020-06-15T00:00:00Z,9329.99,9596.31,8900,9283.03,38341.62442907,74218.13623365217,55.52944495429942,51.11314013745037,59.9160169249262,225.50419210324452,323.8700090968887,98.36581699364416
2020-06-22T00:00:00Z,9287.89,9798.76,8830.63,9118.01,45799.49876681,74640.29217360067,54.333689962853455,46.8216761501649,55.742452574066625,182.22395457183316,326.1457602084356,143.92180563660244
2020-06-29T00:00:00Z,9118.8,9300,8905,9076.82,27670.22486561,73640.03913939068,54.02099467339155,48.1530695738847,53.175078252950684,141.60350215283262,320.92618332764323,179.3226811748106
2020-07-06T00:00:00Z,9077.18,9479.57,9053.14,9306.17,28315.819486010005,73110.32365156717,55.554794530036965,64.04201814125,55.45142018489163,121.72203049598852,331.47521929479626,209.75318879880774
2020-07-13T00:00:00Z,9304.94,9351.17,9026.51,9211.99,24244.162090230002,72020.69510138067,54.7471591525706,55.50964935463764,52.90731702578246,94.95721189260385,328.44970366456255,233.4924917719587
2020-07-20T00:00:00Z,9213.15,10200,9128.21,9944.65,46693.48497079001,72523.88651298468,59.660256810358256,87.09860512381412,55.640903834271505,117.83167125089926,380.78208083558275,262.9504095846835
2020-07-27T00:00:00Z,9941.25,12100,9933.77,11071.66,101978.64311276001,68991.06056867368,65.80953963812098,146.07051730040664,60.27032293109201,195.5178849179565,507.3477657321291,311.8298808141726
2020-08-03T00:00:00Z,11074.92,11920,10933.26,11683.03,47005.6962185,63717.52928849618,68.60535184791512,180.60775738769252,66.34486165715802,270.1340396349282,649.4974303578329,379.3633907229047
2020-08-10T00:00:00Z,11684.6,12080,11130,11914.02,42664.80300814,61122.11652260869,69.6162742357657,189.92256414058477,72.42983927296295,314.02378566950966,771.8931228097917,457.8693371402821
2020-08-17T00:00:00Z,11916.83,12473,11367,11644.65,43615.2480828,59781.91342375769,66.91046620739854,152.3773748079676,59.16884290059807,303.70651100409475,837.5024758954005,533.7959648913057
2020-08-24T00:00:00Z,11653.7,11832.55,11112.75,11708.97,32501.078180020006,58221.15506619318,67.2379118918665,135.49333248248485,66.44991447709423,280.5572821821056,884.4925676189378,603.9352854368321
2020-08-31T00:00:00Z,11713.11,12065.82,9850,10260.17,78736.19707203,59145.26477553569,54.22208119967538,30.73406602453494,55.79310527925963,153.3755236453926,795.6546899935729,642.2791663481803
2020-09-07T00:00:00Z,10258.43,10495.75,9825.07,10437.63,42759.43735464,58563.516882176686,55.36191095595078,35.33606727564704,62.05680953358671,71.0898089859445,731.141427580611,660.0516185946665